{
    "variants": {
      "": [
        {
          "model": "block/chiseled_stone_bricks"
        },
        {
          "model": "block/chiseled_stone_bricks",
          "x": 90
        },
        {
          "model": "block/chiseled_stone_bricks",
          "x": 180
        },
        {
          "model": "block/chiseled_stone_bricks",
          "x": 270
        },
        {
          "model": "block/chiseled_stone_bricks",
          "y": 90
        },
        {
          "model": "block/chiseled_stone_bricks",
          "y": 90,
          "x": 90
        },
        {
          "model": "block/chiseled_stone_bricks",
          "y": 90,
          "x": 180
        },
        {
          "model": "block/chiseled_stone_bricks",
          "y": 90,
          "x": 270
        },
        {
          "model": "block/chiseled_stone_bricks",
          "y": 180
        },
        {
          "model": "block/chiseled_stone_bricks",
          "y": 180,
          "x": 90
        },
        {
          "model": "block/chiseled_stone_bricks",
          "y": 180,
          "x": 180
        },
        {
          "model": "block/chiseled_stone_bricks",
          "y": 180,
          "x": 270
        },
        {
          "model": "block/chiseled_stone_bricks",
          "y": 270
        },
        {
          "model": "block/chiseled_stone_bricks",
          "y": 270,
          "x": 90
        },
        {
          "model": "block/chiseled_stone_bricks",
          "y": 270,
          "x": 180
        },
        {
          "model": "block/chiseled_stone_bricks",
          "y": 270,
          "x": 270
        }
      ]
    }
  }