{
  "variants": {
      "": [
        {
          "model": "block/grass_block_top"
        },
        {
          "model": "block/grass_block_top",
          "x": 90
        },
        {
          "model": "block/grass_block_top",
          "x": 180
        },
        {
          "model": "block/grass_block_top",
          "x": 270
        },
        {
          "model": "block/grass_block_top",
          "y": 90
        },
        {
          "model": "block/grass_block_top",
          "y": 90,
          "x": 90
        },
        {
          "model": "block/grass_block_top",
          "y": 90,
          "x": 180
        },
        {
          "model": "block/grass_block_top",
          "y": 90,
          "x": 270
        },
        {
          "model": "block/grass_block_top",
          "y": 180
        },
        {
          "model": "block/grass_block_top",
          "y": 180,
          "x": 90
        },
        {
          "model": "block/grass_block_top",
          "y": 180,
          "x": 180
        },
        {
          "model": "block/grass_block_top",
          "y": 180,
          "x": 270
        },
        {
          "model": "block/grass_block_top",
          "y": 270
        },
        {
          "model": "block/grass_block_top",
          "y": 270,
          "x": 90
        },
        {
          "model": "block/grass_block_top",
          "y": 270,
          "x": 180
        },
        {
          "model": "block/grass_block_top",
          "y": 270,
          "x": 270
        }
        
      ]
  }
}