{
    "variants": {
      "": [
        {
          "model": "block/nether_quartz_ore"
        },
        {
          "model": "block/nether_quartz_ore",
          "x": 90
        },
        {
          "model": "block/nether_quartz_ore",
          "x": 180
        },
        {
          "model": "block/nether_quartz_ore",
          "x": 270
        },
        {
          "model": "block/nether_quartz_ore",
          "y": 90
        },
        {
          "model": "block/nether_quartz_ore",
          "y": 90,
          "x": 90
        },
        {
          "model": "block/nether_quartz_ore",
          "y": 90,
          "x": 180
        },
        {
          "model": "block/nether_quartz_ore",
          "y": 90,
          "x": 270
        },
        {
          "model": "block/nether_quartz_ore",
          "y": 180
        },
        {
          "model": "block/nether_quartz_ore",
          "y": 180,
          "x": 90
        },
        {
          "model": "block/nether_quartz_ore",
          "y": 180,
          "x": 180
        },
        {
          "model": "block/nether_quartz_ore",
          "y": 180,
          "x": 270
        },
        {
          "model": "block/nether_quartz_ore",
          "y": 270
        },
        {
          "model": "block/nether_quartz_ore",
          "y": 270,
          "x": 90
        },
        {
          "model": "block/nether_quartz_ore",
          "y": 270,
          "x": 180
        },
        {
          "model": "block/nether_quartz_ore",
          "y": 270,
          "x": 270
        }
      ]
    }
  }