{
	"credit": "Made with Blockbench",
	"textures": {
		"0": "block/rail/iron",
		"1": "block/rail/wood",
		"2": "block/rail/poweron",
		"particle": "block/rail"
	},
	"elements": [
		{
			"name": "right",
			"from": [12, -0.25, 0],
			"to": [14, 1.25, 23],
			"rotation": {"angle": -45, "axis": "x", "origin": [0, 0, 0]},
			"faces": {
				"north": {"uv": [2, 15, 4, 16], "texture": "#0"},
				"east": {"uv": [12.125, 15, 13.875, 16], "texture": "#0"},
				"south": {"uv": [2.125, 0, 4, 1.5], "texture": "#0"},
				"west": {"uv": [12, 0, 14, 1], "texture": "#0"},
				"up": {"uv": [12, 0, 14, 16], "texture": "#0"},
				"down": {"uv": [2, 0, 4, 16], "texture": "#0"}
			}
		},
		{
			"name": "left",
			"from": [2, -0.25, 0],
			"to": [4, 1.25, 23],
			"rotation": {"angle": -45, "axis": "x", "origin": [0, 0, 0]},
			"faces": {
				"north": {"uv": [12.125, 0, 14, 1], "texture": "#0"},
				"east": {"uv": [2.125, 14.5, 3.75, 16], "texture": "#0"},
				"south": {"uv": [12.125, 14.5, 14, 16], "texture": "#0"},
				"west": {"uv": [2.125, 0, 3.875, 1.5], "texture": "#0"},
				"up": {"uv": [2, 0, 4, 16], "texture": "#0"},
				"down": {"uv": [12, 0, 14, 16], "texture": "#0"}
			}
		},
		{
			"name": "better bits",
			"from": [4, 0, 18.75],
			"to": [6, 1, 21.25],
			"rotation": {"angle": -45, "axis": "x", "origin": [0, 0, 0]},
			"faces": {
				"north": {"uv": [7, 7.125, 9, 8.125], "texture": "#2"},
				"east": {"uv": [7, 12, 8.875, 13], "texture": "#2"},
				"south": {"uv": [7, 11, 9, 12], "texture": "#2"},
				"west": {"uv": [7.125, 3.125, 8.875, 3.75], "texture": "#2"},
				"up": {"uv": [4.125, 13.125, 6, 14.875], "texture": "#2"},
				"down": {"uv": [10, 13.125, 12, 15], "texture": "#2"}
			}
		},
		{
			"name": "better bits",
			"from": [4, 0, 12.75],
			"to": [6, 1, 15.25],
			"rotation": {"angle": -45, "axis": "x", "origin": [0, 0, 0]},
			"faces": {
				"north": {"uv": [4, 1.875, 6, 2.875], "texture": "#2"},
				"east": {"uv": [7, 8, 8.75, 9], "texture": "#2"},
				"south": {"uv": [10.125, 2, 12.125, 3], "texture": "#2"},
				"west": {"uv": [7.125, 3.125, 9, 4.125], "texture": "#2"},
				"up": {"uv": [4.125, 9, 5.875, 10.875], "texture": "#2"},
				"down": {"uv": [4.125, 13.125, 6, 14.875], "texture": "#2"}
			}
		},
		{
			"name": "mid bit",
			"from": [7, -1, 0.75],
			"to": [9, -0.25, 22.25],
			"rotation": {"angle": -45, "axis": "x", "origin": [0, 0, 0]},
			"faces": {
				"north": {"uv": [7, 11, 9, 11.75], "texture": "#2"},
				"east": {"uv": [7, 7.125, 9, 7.875], "texture": "#2"},
				"south": {"uv": [7, 7.125, 9, 7.875], "texture": "#2"},
				"west": {"uv": [7.125, 8.125, 8.875, 8.75], "texture": "#2"},
				"up": {"uv": [7.125, 11.125, 8.875, 13], "texture": "#2"},
				"down": {"uv": [7.125, 3, 9, 5], "texture": "#2"}
			}
		},
		{
			"name": "better bits",
			"from": [4, 0, 7],
			"to": [6, 1, 9.5],
			"rotation": {"angle": -45, "axis": "x", "origin": [0, 0, 0]},
			"faces": {
				"north": {"uv": [7, 7.875, 9, 8.875], "texture": "#2"},
				"east": {"uv": [10.25, 13, 11.75, 14], "texture": "#2"},
				"south": {"uv": [10.125, 1.875, 12, 2.875], "texture": "#2"},
				"west": {"uv": [4.125, 14, 5.875, 15], "texture": "#2"},
				"up": {"uv": [4, 5.125, 6, 6.875], "texture": "#2"},
				"down": {"uv": [10.125, 5.125, 11.875, 6.875], "texture": "#2"}
			}
		},
		{
			"name": "better bits",
			"from": [4, 0, 1.5],
			"to": [6, 1, 4],
			"rotation": {"angle": -45, "axis": "x", "origin": [0, 0, 0]},
			"faces": {
				"north": {"uv": [4.25, 13, 5.75, 14], "texture": "#2"},
				"east": {"uv": [4.125, 5.125, 5.875, 6.125], "texture": "#2"},
				"south": {"uv": [7.125, 11.875, 8.875, 12.875], "texture": "#2"},
				"west": {"uv": [7, 7.875, 8.875, 8.875], "texture": "#2"},
				"up": {"uv": [4.125, 1, 6, 3], "texture": "#2"},
				"down": {"uv": [10, 1, 12, 3], "texture": "#2"}
			}
		},
		{
			"name": "better bits",
			"from": [10, 0, 7.25],
			"to": [12, 1, 9.75],
			"rotation": {"angle": -45, "axis": "x", "origin": [0, 0, 0]},
			"faces": {
				"north": {"uv": [10.125, 2, 12.125, 3], "rotation": 180, "texture": "#2"},
				"east": {"uv": [7, 8, 8.75, 9], "rotation": 180, "texture": "#2"},
				"south": {"uv": [4, 1.875, 6, 2.875], "rotation": 180, "texture": "#2"},
				"west": {"uv": [7.125, 3.125, 9, 4.125], "rotation": 180, "texture": "#2"},
				"up": {"uv": [10.125, 5.125, 11.875, 6.875], "texture": "#2"},
				"down": {"uv": [4.125, 9, 5.875, 10.875], "texture": "#2"}
			}
		},
		{
			"name": "better bits",
			"from": [10, 0, 1.5],
			"to": [12, 1, 4],
			"rotation": {"angle": -45, "axis": "x", "origin": [0, 0, 0]},
			"faces": {
				"north": {"uv": [7, 11, 9, 12], "rotation": 180, "texture": "#2"},
				"east": {"uv": [7, 12, 8.875, 13], "rotation": 180, "texture": "#2"},
				"south": {"uv": [7, 7.125, 9, 8.125], "rotation": 180, "texture": "#2"},
				"west": {"uv": [7.125, 3.125, 8.875, 3.75], "rotation": 180, "texture": "#2"},
				"up": {"uv": [10, 13.125, 12, 15], "texture": "#2"},
				"down": {"uv": [4.125, 13.125, 6, 14.875], "texture": "#2"}
			}
		},
		{
			"name": "better bits",
			"from": [10, 0, 18.75],
			"to": [12, 1, 21.25],
			"rotation": {"angle": -45, "axis": "x", "origin": [0, 0, 0]},
			"faces": {
				"north": {"uv": [7.125, 11.875, 8.875, 12.875], "rotation": 180, "texture": "#2"},
				"east": {"uv": [4.125, 5.125, 5.875, 6.125], "rotation": 180, "texture": "#2"},
				"south": {"uv": [4.25, 13, 5.75, 14], "rotation": 180, "texture": "#2"},
				"west": {"uv": [7, 7.875, 8.875, 8.875], "rotation": 180, "texture": "#2"},
				"up": {"uv": [10, 1, 12, 3], "texture": "#2"},
				"down": {"uv": [4.125, 1, 6, 3], "texture": "#2"}
			}
		},
		{
			"name": "better bits",
			"from": [10, 0, 12.75],
			"to": [12, 1, 15.25],
			"rotation": {"angle": -45, "axis": "x", "origin": [0, 0, 0]},
			"faces": {
				"north": {"uv": [10.125, 1.875, 12, 2.875], "rotation": 180, "texture": "#2"},
				"east": {"uv": [10.25, 13, 11.75, 14], "rotation": 180, "texture": "#2"},
				"south": {"uv": [7, 7.875, 9, 8.875], "rotation": 180, "texture": "#2"},
				"west": {"uv": [4.125, 14, 5.875, 15], "rotation": 180, "texture": "#2"},
				"up": {"uv": [10.125, 5.125, 11.875, 6.875], "texture": "#2"},
				"down": {"uv": [4, 5.125, 6, 6.875], "texture": "#2"}
			}
		},
		{
			"name": "h",
			"from": [1, -0.75, 1.25],
			"to": [15, 0, 4.25],
			"rotation": {"angle": -45, "axis": "x", "origin": [0, 0, 0]},
			"faces": {
				"north": {"uv": [0, 0, 14, 0.75], "texture": "#1"},
				"east": {"uv": [0, 0, 3, 0.75], "texture": "#1"},
				"south": {"uv": [0, 0, 14, 0.75], "texture": "#1"},
				"west": {"uv": [0, 0, 3, 0.75], "texture": "#1"},
				"up": {"uv": [0, 0, 14, 3], "texture": "#1"},
				"down": {"uv": [0, 0, 14, 3], "texture": "#1"}
			}
		},
		{
			"name": "h",
			"from": [1, -0.75, 6.75],
			"to": [15, 0, 9.75],
			"rotation": {"angle": -45, "axis": "x", "origin": [0, 0, 0]},
			"faces": {
				"north": {"uv": [0, 0, 14, 0.75], "texture": "#1"},
				"east": {"uv": [0, 0, 3, 0.75], "texture": "#1"},
				"south": {"uv": [0, 0, 14, 0.75], "texture": "#1"},
				"west": {"uv": [0, 0, 3, 0.75], "texture": "#1"},
				"up": {"uv": [0, 4, 14, 7], "texture": "#1"},
				"down": {"uv": [0, 0, 14, 3], "texture": "#1"}
			}
		},
		{
			"name": "h",
			"from": [1, -0.75, 12.5],
			"to": [15, 0, 15.5],
			"rotation": {"angle": -45, "axis": "x", "origin": [0, 0, 0]},
			"faces": {
				"north": {"uv": [0, 0, 14, 0.75], "texture": "#1"},
				"east": {"uv": [0, 0, 3, 0.75], "texture": "#1"},
				"south": {"uv": [0, 0, 14, 0.75], "texture": "#1"},
				"west": {"uv": [0, 0, 3, 0.75], "texture": "#1"},
				"up": {"uv": [2, 8, 16, 11], "texture": "#1"},
				"down": {"uv": [0, 0, 14, 3], "texture": "#1"}
			}
		},
		{
			"name": "h",
			"from": [1, -0.75, 18.5],
			"to": [15, 0, 21.5],
			"rotation": {"angle": -45, "axis": "x", "origin": [0, 0, 0]},
			"faces": {
				"north": {"uv": [0, 0, 14, 0.75], "texture": "#1"},
				"east": {"uv": [0, 0, 3, 0.75], "texture": "#1"},
				"south": {"uv": [0, 0, 14, 0.75], "texture": "#1"},
				"west": {"uv": [0, 0, 3, 0.75], "texture": "#1"},
				"up": {"uv": [0, 7.625, 14, 10.625], "texture": "#1"},
				"down": {"uv": [0, 0, 14, 3], "texture": "#1"}
			}
		}
	],
	"groups": [
		{
			"name": "Rail",
			"origin": [8, 8, 8],
			"color": 0,
			"children": [0, 1]
		},
		{
			"name": "bits",
			"origin": [8, 8, 8],
			"color": 0,
			"children": [2, 3, 4, 5, 6, 7, 8, 9, 10]
		},
		{
			"name": "Wood",
			"origin": [8, 8, 8],
			"color": 0,
			"children": [11, 12, 13, 14]
		}
	]
}