{
	"credit": "Made with Blockbench",
	"texture_size": [32, 32],
	"textures": {
		"0": "block/amethyst_block",
		"1": "block/amethyst/Cluster",
		"particle": "block/amethyst_block"
	},
	"elements": [
		{
			"name": "Main",
			"from": [6, 0, 6],
			"to": [10, 16, 10],
			"faces": {
				"north": {"uv": [1, 1, 3, 9], "texture": "#1"},
				"east": {"uv": [1, 1, 3, 9], "texture": "#1"},
				"south": {"uv": [1, 1, 3, 9], "texture": "#1"},
				"west": {"uv": [1, 1, 3, 9], "texture": "#1"},
				"up": {"uv": [1, 11.5, 3, 13.5], "texture": "#1"},
				"down": {"uv": [1, 11.5, 3, 13.5], "texture": "#1"}
			}
		},
		{
			"name": "Side4",
			"from": [8, 3, 6],
			"to": [12, 15, 10],
			"rotation": {"angle": -22.5, "axis": "z", "origin": [0, 0, 0]},
			"faces": {
				"north": {"uv": [6, 1, 8, 7], "texture": "#1"},
				"east": {"uv": [6, 1, 8, 7], "texture": "#1"},
				"south": {"uv": [6, 1, 8, 7], "texture": "#1"},
				"west": {"uv": [6, 1, 8, 7], "texture": "#1"},
				"up": {"uv": [6, 9.5, 8, 11.5], "texture": "#1"},
				"down": {"uv": [6, 1, 8, 7], "texture": "#1"}
			}
		},
		{
			"name": "Side1",
			"from": [6, -3, 3],
			"to": [10, 9, 7],
			"rotation": {"angle": -22.5, "axis": "x", "origin": [0, 0, 0]},
			"faces": {
				"north": {"uv": [6, 1, 8, 7], "texture": "#1"},
				"east": {"uv": [6, 1, 8, 7], "texture": "#1"},
				"south": {"uv": [6, 1, 8, 7], "texture": "#1"},
				"west": {"uv": [6, 1, 8, 7], "texture": "#1"},
				"up": {"uv": [6, 9.5, 8, 11.5], "texture": "#1"},
				"down": {"uv": [6, 1, 8, 7], "texture": "#1"}
			}
		},
		{
			"name": "Side2",
			"from": [3, -3, 6],
			"to": [7, 9, 10],
			"rotation": {"angle": 22.5, "axis": "z", "origin": [0, 0, 0]},
			"faces": {
				"north": {"uv": [6, 1, 8, 7], "texture": "#1"},
				"east": {"uv": [6, 1, 8, 7], "texture": "#1"},
				"south": {"uv": [6, 1, 8, 7], "texture": "#1"},
				"west": {"uv": [6, 1, 8, 7], "texture": "#1"},
				"up": {"uv": [6, 9.5, 8, 11.5], "texture": "#1"},
				"down": {"uv": [6, 1, 8, 7], "texture": "#1"}
			}
		},
		{
			"name": "Side3",
			"from": [6, 3, 8],
			"to": [10, 15, 12],
			"rotation": {"angle": 22.5, "axis": "x", "origin": [0, 0, 0]},
			"faces": {
				"north": {"uv": [6, 1, 8, 7], "texture": "#1"},
				"east": {"uv": [6, 1, 8, 7], "texture": "#1"},
				"south": {"uv": [6, 1, 8, 7], "texture": "#1"},
				"west": {"uv": [6, 1, 8, 7], "texture": "#1"},
				"up": {"uv": [6, 9.5, 8, 11.5], "texture": "#1"},
				"down": {"uv": [6, 1, 8, 7], "texture": "#1"}
			}
		},
		{
			"name": "Base1",
			"from": [4, 0, 4],
			"to": [12, 1, 12],
			"faces": {
				"north": {"uv": [11, 9.5, 15, 10], "texture": "#0"},
				"east": {"uv": [3.5, 2.5, 7.5, 3], "texture": "#0"},
				"south": {"uv": [7.5, 12.5, 11.5, 13], "texture": "#0"},
				"west": {"uv": [0, 6, 4, 6.5], "texture": "#0"},
				"up": {"uv": [10, 0, 14, 4], "texture": "#0"},
				"down": {"uv": [5.5, 6, 9.5, 10], "texture": "#0"}
			}
		},
		{
			"name": "Base2",
			"from": [5, 1, 5],
			"to": [11, 2, 11],
			"faces": {
				"north": {"uv": [8.5, 12.5, 11.5, 13], "texture": "#0"},
				"east": {"uv": [0.5, 3, 3.5, 3.5], "texture": "#0"},
				"south": {"uv": [1.5, 9.5, 4.5, 10], "texture": "#0"},
				"west": {"uv": [3, 4.5, 6, 5], "texture": "#0"},
				"up": {"uv": [5.5, 0.5, 8.5, 3.5], "texture": "#0"},
				"down": {"uv": [7, 5.5, 10, 8.5], "texture": "#0"}
			}
		}
	],
	"groups": [
		0,
		{
			"name": "Side",
			"origin": [0, 0, 0],
			"color": 0,
			"children": [1, 2, 3, 4]
		},
		{
			"name": "Base",
			"origin": [0, 0, 0],
			"color": 0,
			"children": [5, 6]
		}
	]
}