{
	"textures": {
		"fire": "block/campfire_fire",
		"particle": "block/campfire_log",
		"log": "block/campfire_log",
		"lit_log": "block/campfire_log_lit"
	},
	"elements": [
		{
			"from": [0.8, 1, 8],
			"to": [15.2, 17, 8],
			"shade": false,
			"rotation": {"angle": 45, "axis": "y", "origin": [8, 8, 8], "rescale": true},
			"faces": {
				"north": {"uv": [0, 0, 16, 16], "texture": "#fire"},
				"south": {"uv": [0, 0, 16, 16], "texture": "#fire"}
			}
		},
		{
			"from": [0, 0, 1],
			"to": [16, 4, 5],
			"rotation": {"angle": 0, "axis": "y", "origin": [8, 8, 8]},
			"faces": {
				"north": {"uv": [16, 0, 0, 4], "texture": "#log"},
				"east": {"uv": [0, 4, 4, 8], "texture": "#log", "cullface": "east"},
				"south": {"uv": [0, 1, 16, 5], "texture": "#lit_log"},
				"west": {"uv": [0, 4, 4, 8], "texture": "#log", "cullface": "west"},
				"up": {"uv": [0, 0, 16, 4], "rotation": 180, "texture": "#log"},
				"down": {"uv": [0, 0, 16, 4], "texture": "#log", "cullface": "down"}
			}
		},
		{
			"from": [1, 3, 0],
			"to": [5, 7, 16],
			"rotation": {"angle": 0, "axis": "y", "origin": [8, 8, 8]},
			"faces": {
				"north": {"uv": [0, 4, 4, 8], "texture": "#log", "cullface": "north"},
				"east": {"uv": [16, 0, 0, 4], "texture": "#lit_log"},
				"south": {"uv": [0, 4, 4, 8], "texture": "#log", "cullface": "south"},
				"west": {"uv": [0, 0, 16, 4], "texture": "#lit_log"},
				"up": {"uv": [0, 0, 16, 4], "rotation": 270, "texture": "#log"},
				"down": {"uv": [0, 4, 16, 8], "rotation": 270, "texture": "#lit_log"}
			}
		},
		{
			"from": [0, 0, 11],
			"to": [16, 4, 15],
			"rotation": {"angle": 0, "axis": "y", "origin": [8, 8, 8]},
			"faces": {
				"north": {"uv": [16, 1, 0, 5], "texture": "#lit_log"},
				"east": {"uv": [0, 4, 4, 8], "texture": "#log", "cullface": "east"},
				"south": {"uv": [0, 0, 16, 4], "texture": "#log"},
				"west": {"uv": [0, 4, 4, 8], "texture": "#log", "cullface": "west"},
				"up": {"uv": [0, 0, 16, 4], "rotation": 180, "texture": "#log"},
				"down": {"uv": [0, 0, 16, 4], "texture": "#log", "cullface": "down"}
			}
		},
		{
			"from": [11, 3, 0],
			"to": [15, 7, 16],
			"rotation": {"angle": 0, "axis": "y", "origin": [8, 8, 8]},
			"faces": {
				"north": {"uv": [0, 4, 4, 8], "texture": "#log", "cullface": "north"},
				"east": {"uv": [0, 0, 16, 4], "texture": "#lit_log"},
				"south": {"uv": [0, 4, 4, 8], "texture": "#log", "cullface": "south"},
				"west": {"uv": [16, 0, 0, 4], "texture": "#lit_log"},
				"up": {"uv": [0, 0, 16, 4], "rotation": 270, "texture": "#log"},
				"down": {"uv": [0, 4, 16, 8], "rotation": 270, "texture": "#lit_log"}
			}
		},
		{
			"from": [0, 0, 5],
			"to": [16, 1, 11],
			"rotation": {"angle": 0, "axis": "y", "origin": [8, 8, 8]},
			"faces": {
				"east": {"uv": [0, 15, 6, 16], "texture": "#log", "cullface": "east"},
				"west": {"uv": [10, 15, 16, 16], "texture": "#log", "cullface": "west"},
				"up": {"uv": [0, 8, 16, 14], "rotation": 180, "texture": "#lit_log"},
				"down": {"uv": [0, 8, 16, 14], "texture": "#log", "cullface": "down"}
			}
		},
		{
			"from": [4, 0.5, 0],
			"to": [12, 0.5, 16],
			"rotation": {"angle": 0, "axis": "y", "origin": [8, 8, 8]},
			"faces": {
				"up": {"uv": [0, 4, 16, 12], "rotation": 90, "texture": "#fire"}
			}
		},
		{
			"from": [8, 1, 0.8],
			"to": [8, 17, 15.2],
			"shade": false,
			"rotation": {"angle": 45, "axis": "y", "origin": [8, 8, 8], "rescale": true},
			"faces": {
				"east": {"uv": [0, 0, 16, 16], "texture": "#fire"},
				"west": {"uv": [0, 0, 16, 16], "texture": "#fire"}
			}
		}
	]
}