{
    "credit": "Made with Blockbench",
    "texture_size": [32, 32],
    "textures": {
        "3": "block/leaves/cb",
        "4": "block/leaves/cb",
        "particle": "block/cherry_leaves"
    },
    "elements": [
        {
            "from": [14, -4, -4],
            "to": [14, 21, 23],
            "shade": false,
            "rotation": {
                "angle": -22.5,
                "axis": "y",
                "origin": [14.125, -8, -6.8125]
            },
            "faces": {
                "north": { "uv": [0, 0, 16, 16], "texture": "#4" },
                "east": { "uv": [0, 0, 16, 16], "texture": "#4" },
                "south": { "uv": [0, 0, 16, 16], "texture": "#4" },
                "west": { "uv": [0, 0, 16, 16], "texture": "#4" },
                "up": { "uv": [0, 0, 16, 16], "texture": "#4" },
                "down": { "uv": [0, 0, 16, 16], "texture": "#4" }
            }
        },
        {
            "from": [-4, -4, 2],
            "to": [23, 21, 2],
            "shade": false,
            "rotation": {
                "angle": -22.5,
                "axis": "y",
                "origin": [-6.8125, -8, 1.875]
            },
            "faces": {
                "north": { "uv": [0, 0, 16, 16], "texture": "#4" },
                "east": { "uv": [0, 0, 16, 16], "texture": "#4" },
                "south": { "uv": [0, 0, 16, 16], "texture": "#4" },
                "west": { "uv": [0, 0, 16, 16], "texture": "#4" },
                "up": { "uv": [0, 0, 16, 16], "texture": "#4" },
                "down": { "uv": [0, 0, 16, 16], "texture": "#4" }
            }
        },
        {
            "name": "block",
            "from": [0, 0, 0],
            "to": [16, 16, 16],
            "faces": {
                "north": {
                    "uv": [0, 0, 16, 16],
                    "texture": "#3",
                    "cullface": "up"
                },
                "east": {
                    "uv": [0, 0, 16, 16],
                    "texture": "#3",
                    "cullface": "up"
                },
                "south": {
                    "uv": [0, 0, 16, 16],
                    "texture": "#3",
                    "cullface": "up"
                },
                "west": {
                    "uv": [0, 0, 16, 16],
                    "texture": "#3",
                    "cullface": "up"
                },
                "up": {
                    "uv": [0, 0, 16, 16],
                    "texture": "#3",
                    "cullface": "up"
                },
                "down": {
                    "uv": [0, 0, 16, 16],
                    "texture": "#3",
                    "cullface": "up"
                }
            }
        }
    ],
    "display": {
        "thirdperson_righthand": {
            "scale": [0.32, 0.32, 0.32]
        },
        "thirdperson_lefthand": {
            "scale": [0.32, 0.32, 0.32]
        },
        "firstperson_righthand": {
            "translation": [-1.5, 1.75, 0],
            "scale": [0.32, 0.32, 0.32]
        },
        "firstperson_lefthand": {
            "translation": [-1.75, 2.5, 0],
            "scale": [0.32, 0.32, 0.32]
        },
        "ground": {
            "scale": [0.32, 0.32, 0.32]
        },
        "gui": {
            "rotation": [43, -21, 0],
            "scale": [0.5, 0.5, 0.5]
        }
    }
}
