{
	"credit": "Made with Blockbench",
	"textures": {
		"0": "block/dark_oak_trapdoor",
		"particle": "block/dark_oak_trapdoor"
	},
	"elements": [
		{
			"name": "trapdoor",
			"from": [0, 0, 0],
			"to": [16, 3, 16],
			"faces": {
				"north": {"uv": [0, 2.5, 16, 0], "texture": "#0", "cullface": "north"},
				"east": {"uv": [0, 2.5, 16, 0], "texture": "#0", "cullface": "east"},
				"south": {"uv": [0, 2.5, 16, 0], "texture": "#0", "cullface": "south"},
				"west": {"uv": [0, 2.5, 16, 0], "texture": "#0", "cullface": "west"},
				"up": {"uv": [0, 0, 16, 16], "texture": "#0"},
				"down": {"uv": [0, 0, 16, 16], "texture": "#0", "cullface": "down"}
			}
		}
	],
	"display": {
		"thirdperson_righthand": {
			"rotation": [69, 0, 0],
			"translation": [0, 0, 2.5],
			"scale": [0.5, 0.5, 0.5]
		},
		"thirdperson_lefthand": {
			"rotation": [69, 0, 0],
			"translation": [0, 0, 2.5],
			"scale": [0.5, 0.5, 0.5]
		},
		"firstperson_righthand": {
			"rotation": [0, 20, 0],
			"translation": [0, 5.75, -1.5],
			"scale": [0.8, 0.8, 0.8]
		},
		"firstperson_lefthand": {
			"rotation": [0, 20, 0],
			"translation": [0, 5.75, 1],
			"scale": [0.8, 0.8, 0.8]
		},
		"ground": {
			"translation": [0, -0.25, 0],
			"scale": [0.5, 0.5, 0.5]
		},
		"gui": {
			"rotation": [29.91, 49.66, -5.27],
			"translation": [0.25, 0.5, -52],
			"scale": [0.65, 0.65, 0.65]
		}
	}
}