{
	"credit": "Made with Blockbench",
	"textures": {
		"1": "block/dark_oak_trapdoor"
	},
	"elements": [
		{
			"name": "trapdoor",
			"from": [0, 13, 0],
			"to": [16, 16, 16],
			"faces": {
				"north": {"uv": [0, 2.5, 16, 0], "texture": "#1", "cullface": "north"},
				"east": {"uv": [0, 2.5, 16, 0], "texture": "#1", "cullface": "east"},
				"south": {"uv": [0, 2.5, 16, 0], "texture": "#1", "cullface": "south"},
				"west": {"uv": [0, 2.5, 16, 0], "texture": "#1", "cullface": "west"},
				"up": {"uv": [0, 0, 16, 16], "texture": "#1", "cullface": "up"},
				"down": {"uv": [0, 0, 16, 16], "texture": "#1"}
			}
		}
	]
}