{
	"credit": "Made with Blockbench",
	"textures": {
		"3": "block/rail/wood",
		"4": "block/rail/iron",
		"5": "block/rail/obson",
		"6": "block/rail/poweron",
		"particle": "block/rail"
	},
	"elements": [
		{
			"name": "right",
			"from": [12, -0.25, 0],
			"to": [14, 1.25, 23],
			"rotation": {"angle": -45, "axis": "x", "origin": [0, 0, 0]},
			"faces": {
				"north": {"uv": [2, 15, 4, 16], "texture": "#4"},
				"east": {"uv": [12.125, 15, 13.875, 16], "texture": "#4"},
				"south": {"uv": [2.125, 0, 4, 1.5], "texture": "#4"},
				"west": {"uv": [12, 0, 14, 1], "texture": "#4"},
				"up": {"uv": [12, 0, 14, 16], "texture": "#4"},
				"down": {"uv": [2, 0, 4, 16], "texture": "#4"}
			}
		},
		{
			"name": "left",
			"from": [2, -0.25, 0],
			"to": [4, 1.25, 23],
			"rotation": {"angle": -45, "axis": "x", "origin": [0, 0, 0]},
			"faces": {
				"north": {"uv": [1.125, 3.5, 3, 5], "texture": "#4"},
				"east": {"uv": [2.125, 9, 4.25, 10.5], "texture": "#4"},
				"south": {"uv": [2.125, 10.5, 4, 12], "texture": "#4"},
				"west": {"uv": [11.125, 0, 13.375, 1.5], "texture": "#4"},
				"up": {"uv": [5, 0, 7, 16], "texture": "#4"},
				"down": {"uv": [7, 0, 9, 16], "texture": "#4"}
			}
		},
		{
			"name": "h",
			"from": [1, -0.75, 1.25],
			"to": [15, 0, 4.25],
			"rotation": {"angle": -45, "axis": "x", "origin": [0, 0, 0]},
			"faces": {
				"north": {"uv": [0, 0, 14, 0.75], "texture": "#3"},
				"east": {"uv": [0, 0, 3, 0.75], "texture": "#3"},
				"south": {"uv": [0, 0, 14, 0.75], "texture": "#3"},
				"west": {"uv": [0, 0, 3, 0.75], "texture": "#3"},
				"up": {"uv": [0, 0, 14, 3], "texture": "#3"},
				"down": {"uv": [0, 0, 14, 3], "texture": "#3"}
			}
		},
		{
			"name": "h",
			"from": [1, -0.75, 6.75],
			"to": [15, 0, 9.75],
			"rotation": {"angle": -45, "axis": "x", "origin": [0, 0, 0]},
			"faces": {
				"north": {"uv": [0, 0, 14, 0.75], "texture": "#3"},
				"east": {"uv": [0, 0, 3, 0.75], "texture": "#3"},
				"south": {"uv": [0, 0, 14, 0.75], "texture": "#3"},
				"west": {"uv": [0, 0, 3, 0.75], "texture": "#3"},
				"up": {"uv": [0, 4, 14, 7], "texture": "#3"},
				"down": {"uv": [0, 0, 14, 3], "texture": "#3"}
			}
		},
		{
			"name": "h",
			"from": [1, -0.75, 12.5],
			"to": [15, 0, 15.5],
			"rotation": {"angle": -45, "axis": "x", "origin": [0, 0, 0]},
			"faces": {
				"north": {"uv": [0, 0, 14, 0.75], "texture": "#3"},
				"east": {"uv": [0, 0, 3, 0.75], "texture": "#3"},
				"south": {"uv": [0, 0, 14, 0.75], "texture": "#3"},
				"west": {"uv": [0, 0, 3, 0.75], "texture": "#3"},
				"up": {"uv": [2, 8, 16, 11], "texture": "#6"},
				"down": {"uv": [0, 0, 14, 3], "texture": "#3"}
			}
		},
		{
			"name": "h",
			"from": [1, -0.75, 18.5],
			"to": [15, 0, 21.5],
			"rotation": {"angle": -45, "axis": "x", "origin": [0, 0, 0]},
			"faces": {
				"north": {"uv": [0, 0, 14, 0.75], "texture": "#3"},
				"east": {"uv": [0, 0, 3, 0.75], "texture": "#3"},
				"south": {"uv": [0, 0, 14, 0.75], "texture": "#3"},
				"west": {"uv": [0, 0, 3, 0.75], "texture": "#3"},
				"up": {"uv": [0, 7.625, 14, 10.625], "texture": "#3"},
				"down": {"uv": [0, 0, 14, 3], "texture": "#3"}
			}
		},
		{
			"from": [5, 0, 8.5],
			"to": [11, 1, 14.5],
			"rotation": {"angle": -45, "axis": "x", "origin": [0, 0, 0]},
			"faces": {
				"north": {"uv": [5.125, 5.125, 10.875, 6], "rotation": 180, "texture": "#6"},
				"east": {"uv": [10, 5.125, 11, 11], "rotation": 90, "texture": "#6"},
				"south": {"uv": [5.25, 10.125, 10.875, 10.875], "texture": "#6"},
				"west": {"uv": [5.125, 5.125, 6, 10.875], "rotation": 270, "texture": "#6"},
				"up": {"uv": [0, 0, 16, 16], "texture": "#5"},
				"down": {"uv": [11.5, 9.5, 16, 16], "rotation": 180, "texture": "#5"}
			}
		}
	],
	"groups": [
		{
			"name": "Rail",
			"origin": [8, 8, 8],
			"color": 0,
			"children": [0, 1]
		},
		{
			"name": "Wood",
			"origin": [8, 8, 8],
			"color": 0,
			"children": [2, 3, 4, 5]
		},
		6
	]
}