{
	"credit": "Made with Blockbench",
	"textures": {
		"2": "block/detector_rail_on",
		"3": "block/rail/wood",
		"4": "block/rail/iron",
		"5": "block/rail/obson",
		"particle": "block/rail"
	},
	"elements": [
		{
			"from": [2, 0.75, 0],
			"to": [4, 2, 16],
			"faces": {
				"north": {"uv": [12, 0, 14, 1], "texture": "#4"},
				"east": {"uv": [3, 0, 4, 16], "rotation": 90, "texture": "#4"},
				"south": {"uv": [2, 0, 4, 1], "texture": "#4"},
				"west": {"uv": [2, 0, 3, 16], "rotation": 270, "texture": "#4"},
				"up": {"uv": [2, 0, 4, 16], "texture": "#4"},
				"down": {"uv": [2, 0, 4, 16], "texture": "#4"}
			}
		},
		{
			"from": [12, 0.75, 0],
			"to": [14, 2, 16],
			"faces": {
				"north": {"uv": [2, 0, 4, 1], "texture": "#4"},
				"east": {"uv": [13, 0, 14, 16], "rotation": 90, "texture": "#4"},
				"south": {"uv": [12, 0, 14, 1], "texture": "#4"},
				"west": {"uv": [12, 0, 13, 16], "rotation": 270, "texture": "#4"},
				"up": {"uv": [12, 0, 14, 16], "texture": "#4"},
				"down": {"uv": [12, 0, 14, 16], "texture": "#4"}
			}
		},
		{
			"from": [4.75, 0.75, 4.75],
			"to": [11.25, 1.75, 11.25],
			"faces": {
				"north": {"uv": [11, 5, 5, 6], "texture": "#2"},
				"east": {"uv": [10, 5, 11, 11], "rotation": 90, "texture": "#2"},
				"south": {"uv": [5, 10, 11, 11], "texture": "#2"},
				"west": {"uv": [5, 5, 6, 11], "rotation": 180, "texture": "#2"},
				"up": {"uv": [0, 0, 16, 16], "texture": "#5"},
				"down": {"uv": [5, 11, 11, 5], "texture": "#2"}
			}
		},
		{
			"from": [1, 0, 13],
			"to": [15, 1, 15],
			"faces": {
				"north": {"uv": [1, 14, 15, 15], "texture": "#3"},
				"east": {"uv": [14, 14, 15, 16], "rotation": 90, "texture": "#3"},
				"south": {"uv": [1, 15, 15, 16], "texture": "#3"},
				"west": {"uv": [1, 14, 2, 16], "rotation": 270, "texture": "#3"},
				"up": {"uv": [1, 14, 15, 16], "texture": "#3"},
				"down": {"uv": [1, 14, 15, 16], "rotation": 180, "texture": "#3"}
			}
		},
		{
			"from": [1, 0, 1],
			"to": [15, 1, 3],
			"faces": {
				"north": {"uv": [1, 2, 15, 3], "texture": "#3"},
				"east": {"uv": [14, 2, 15, 4], "rotation": 90, "texture": "#3"},
				"south": {"uv": [1, 3, 15, 4], "texture": "#3"},
				"west": {"uv": [1, 2, 2, 4], "rotation": 270, "texture": "#3"},
				"up": {"uv": [1, 2, 15, 4], "texture": "#3"},
				"down": {"uv": [1, 2, 15, 4], "rotation": 180, "texture": "#3"}
			}
		},
		{
			"from": [1, 0, 5],
			"to": [15, 1, 7],
			"faces": {
				"north": {"uv": [1, 6, 15, 7], "texture": "#3"},
				"east": {"uv": [14, 6, 15, 8], "rotation": 90, "texture": "#3"},
				"south": {"uv": [1, 7, 15, 8], "texture": "#3"},
				"west": {"uv": [1, 6, 2, 8], "rotation": 270, "texture": "#3"},
				"up": {"uv": [1, 6, 15, 8], "texture": "#3"},
				"down": {"uv": [1, 6, 15, 8], "rotation": 180, "texture": "#3"}
			}
		},
		{
			"from": [1, 0, 9],
			"to": [15, 1, 11],
			"faces": {
				"north": {"uv": [1, 10, 15, 11], "texture": "#3"},
				"east": {"uv": [14, 10, 15, 12], "rotation": 90, "texture": "#3"},
				"south": {"uv": [1, 11, 15, 12], "texture": "#3"},
				"west": {"uv": [1, 10, 2, 12], "rotation": 270, "texture": "#3"},
				"up": {"uv": [1, 10, 15, 12], "texture": "#3"},
				"down": {"uv": [1, 10, 15, 12], "rotation": 180, "texture": "#3"}
			}
		}
	],
	"groups": [
		0,
		1,
		2,
		{
			"name": "group",
			"origin": [0, 0, 0],
			"color": 0,
			"children": [3, 4, 5, 6]
		}
	]
}