{
	"credit": "Made with Blockbench",
	"textures": {
		"2": "block/detector_rail",
		"3": "block/rail/obs",
		"4": "block/rail/wood",
		"5": "block/rail/iron",
		"particle": "block/rail"
	},
	"elements": [
		{
			"name": "right",
			"from": [12, 11.75, -12],
			"to": [14, 13.25, 11],
			"rotation": {"angle": 45, "axis": "x", "origin": [0, 0, 0]},
			"faces": {
				"north": {"uv": [2, 15, 4, 16], "texture": "#5"},
				"east": {"uv": [12.125, 15, 13.875, 16], "texture": "#5"},
				"south": {"uv": [2.125, 0, 4, 1.5], "texture": "#5"},
				"west": {"uv": [12, 0, 14, 1], "texture": "#5"},
				"up": {"uv": [12, 0, 14, 16], "texture": "#5"},
				"down": {"uv": [2, 0, 4, 16], "texture": "#5"}
			}
		},
		{
			"name": "left",
			"from": [2, 11.75, -12],
			"to": [4, 13.25, 11],
			"rotation": {"angle": 45, "axis": "x", "origin": [0, 0, 0]},
			"faces": {
				"north": {"uv": [12.125, 0, 14, 1], "texture": "#5"},
				"east": {"uv": [2.125, 14.5, 3.75, 16], "texture": "#5"},
				"south": {"uv": [12.125, 14.5, 14, 16], "texture": "#5"},
				"west": {"uv": [2.125, 0, 3.875, 1.5], "texture": "#5"},
				"up": {"uv": [2, 0, 4, 16], "texture": "#5"},
				"down": {"uv": [12, 0, 14, 16], "texture": "#5"}
			}
		},
		{
			"name": "h",
			"from": [1, 11.25, -10.75],
			"to": [15, 12, -7.75],
			"rotation": {"angle": 45, "axis": "x", "origin": [0, 0, 0]},
			"faces": {
				"north": {"uv": [0, 0, 14, 0.75], "texture": "#4"},
				"east": {"uv": [0, 0, 3, 0.75], "texture": "#4"},
				"south": {"uv": [0, 0, 14, 0.75], "texture": "#4"},
				"west": {"uv": [0, 0, 3, 0.75], "texture": "#4"},
				"up": {"uv": [0, 0, 14, 3], "texture": "#4"},
				"down": {"uv": [0, 0, 14, 3], "texture": "#4"}
			}
		},
		{
			"name": "h",
			"from": [1, 11.25, -5.25],
			"to": [15, 12, -2.25],
			"rotation": {"angle": 45, "axis": "x", "origin": [0, 0, 0]},
			"faces": {
				"north": {"uv": [0, 0, 14, 0.75], "texture": "#4"},
				"east": {"uv": [0, 0, 3, 0.75], "texture": "#4"},
				"south": {"uv": [0, 0, 14, 0.75], "texture": "#4"},
				"west": {"uv": [0, 0, 3, 0.75], "texture": "#4"},
				"up": {"uv": [0, 4, 14, 7], "texture": "#4"},
				"down": {"uv": [0, 0, 14, 3], "texture": "#4"}
			}
		},
		{
			"name": "h",
			"from": [1, 11.25, 0.5],
			"to": [15, 12, 3.5],
			"rotation": {"angle": 45, "axis": "x", "origin": [0, 0, 0]},
			"faces": {
				"north": {"uv": [0, 0, 14, 0.75], "texture": "#4"},
				"east": {"uv": [0, 0, 3, 0.75], "texture": "#4"},
				"south": {"uv": [0, 0, 14, 0.75], "texture": "#4"},
				"west": {"uv": [0, 0, 3, 0.75], "texture": "#4"},
				"up": {"uv": [2, 8, 16, 11], "texture": "#4"},
				"down": {"uv": [0, 0, 14, 3], "texture": "#4"}
			}
		},
		{
			"name": "h",
			"from": [1, 11.25, 6.5],
			"to": [15, 12, 9.5],
			"rotation": {"angle": 45, "axis": "x", "origin": [0, 0, 0]},
			"faces": {
				"north": {"uv": [0, 0, 14, 0.75], "texture": "#4"},
				"east": {"uv": [0, 0, 3, 0.75], "texture": "#4"},
				"south": {"uv": [0, 0, 14, 0.75], "texture": "#4"},
				"west": {"uv": [0, 0, 3, 0.75], "texture": "#4"},
				"up": {"uv": [0, 7.625, 14, 10.625], "texture": "#4"},
				"down": {"uv": [0, 0, 14, 3], "texture": "#4"}
			}
		},
		{
			"from": [5, -2.5, 12],
			"to": [11, 3.5, 13],
			"rotation": {"angle": -45, "axis": "x", "origin": [0, 0, 0]},
			"faces": {
				"north": {"uv": [5, 4.875, 11, 10.875], "texture": "#2"},
				"east": {"uv": [10, 5.125, 11, 11], "texture": "#2"},
				"south": {"uv": [0, 0, 16, 16], "texture": "#3"},
				"west": {"uv": [5.125, 5.125, 6, 10.875], "texture": "#2"},
				"up": {"uv": [5.125, 5.125, 10.875, 6], "texture": "#2"},
				"down": {"uv": [5.25, 10.125, 10.875, 10.875], "texture": "#2"}
			}
		}
	],
	"groups": [
		{
			"name": "Rail",
			"origin": [8, 8, 8],
			"color": 0,
			"children": [0, 1]
		},
		{
			"name": "Wood",
			"origin": [8, 8, 8],
			"color": 0,
			"children": [2, 3, 4, 5]
		},
		6
	]
}