{
	"credit": "Made with Blockbench",
	"ambientocclusion": false,
	"texture_size": [32, 32],
	"textures": {
		"3": "block/grass_block_side",
		"4": "block/grass_block_top",
		"5": "model/grass",
		"6": "block/dirt",
		"particle": "block/grass_block_top"
	},
	"elements": [
		{
			"from": [0, 9.75, -6.15],
			"to": [16, 14.75, -6.15],
			"rotation": {"angle": 22.5, "axis": "x", "origin": [0, 0, 0]},
			"faces": {
				"north": {"uv": [0, 0, 16, 5.5], "texture": "#5"},
				"east": {"uv": [0, 0, 0, 2.5], "texture": "#missing"},
				"south": {"uv": [0, 0, 16, 5.5], "texture": "#missing"},
				"west": {"uv": [0, 0, 0, 2.5], "texture": "#missing"},
				"up": {"uv": [0, 0, 8, 0], "texture": "#missing"},
				"down": {"uv": [0, 0, 8, 0], "texture": "#missing"}
			}
		},
		{
			"from": [0, 0, 0],
			"to": [16, 16, 16],
			"faces": {
				"north": {"uv": [0, 0, 16, 16], "texture": "#3"},
				"east": {"uv": [0, 0, 16, 16], "texture": "#3"},
				"south": {"uv": [0, 0, 16, 16], "texture": "#3"},
				"west": {"uv": [0, 0, 16, 16], "texture": "#3"},
				"up": {"uv": [0, 0, 16, 16], "texture": "#4"},
				"down": {"uv": [0, 0, 16, 16], "texture": "#6"}
			}
		},
		{
			"from": [0, 0, 0],
			"to": [1, 1, 1],
			"faces": {
				"north": {"uv": [0.5, 0.5, 1, 1], "texture": "#4"},
				"east": {"uv": [0, 0.5, 0.5, 1], "texture": "#4"},
				"south": {"uv": [1.5, 0.5, 2, 1], "texture": "#4"},
				"west": {"uv": [1, 0.5, 1.5, 1], "texture": "#4"},
				"up": {"uv": [1, 0.5, 0.5, 0], "texture": "#4"},
				"down": {"uv": [1.5, 0, 1, 0.5], "texture": "#4"}
			}
		}
	]
}