{
	"credit": "Made with Blockbench",
	"texture_size": [32, 32],
	"textures": {
		"0": "block/ladder/ladder",
		"1": "block/ladder/ladderh",
		"particle": "block/ladder/ladder"
	},
	"elements": [
		{
			"name": "vert2",
			"from": [2, 0, 14],
			"to": [4, 16, 16],
			"faces": {
				"north": {"uv": [12, 0, 16, 16], "texture": "#0"},
				"east": {"uv": [8, 0, 12, 16], "texture": "#0"},
				"south": {"uv": [0, 0, 4, 16], "texture": "#0"},
				"west": {"uv": [4, 0, 8, 16], "texture": "#0"},
				"up": {"uv": [12, 6, 16, 10], "texture": "#0"},
				"down": {"uv": [4, 4.5, 8, 8.5], "texture": "#0"}
			}
		},
		{
			"name": "vert1",
			"from": [12, 0, 14],
			"to": [14, 16, 16],
			"faces": {
				"north": {"uv": [0, 0, 4, 16], "texture": "#0"},
				"east": {"uv": [12, 0, 16, 16], "texture": "#0"},
				"south": {"uv": [8, 0, 12, 16], "texture": "#0"},
				"west": {"uv": [4, 0, 8, 16], "texture": "#0"},
				"up": {"uv": [0, 0, 4, 4], "texture": "#0"},
				"down": {"uv": [8, 6, 12, 10], "texture": "#0"}
			}
		},
		{
			"name": "hori1",
			"from": [0, 1, 15],
			"to": [16, 3, 16],
			"faces": {
				"north": {"uv": [0, 12, 16, 16], "texture": "#1"},
				"east": {"uv": [5.5, 0, 7.5, 4], "texture": "#1"},
				"south": {"uv": [0, 0, 16, 4], "texture": "#1"},
				"west": {"uv": [14, 4, 16, 8], "texture": "#1"},
				"up": {"uv": [0, 4, 16, 8], "texture": "#1"},
				"down": {"uv": [0, 8, 16, 12], "texture": "#1"}
			}
		},
		{
			"name": "hori2",
			"from": [0, 5, 15],
			"to": [16, 7, 16],
			"faces": {
				"north": {"uv": [0, 0, 16, 4], "texture": "#1"},
				"east": {"uv": [10, 4, 12, 8], "texture": "#1"},
				"south": {"uv": [0, 12, 16, 16], "texture": "#1"},
				"west": {"uv": [3.5, 8, 5.5, 12], "texture": "#1"},
				"up": {"uv": [0, 4, 16, 8], "texture": "#1"},
				"down": {"uv": [0, 8, 16, 12], "texture": "#1"}
			}
		},
		{
			"name": "hori3",
			"from": [0, 9, 15],
			"to": [16, 11, 16],
			"faces": {
				"north": {"uv": [0, 4, 16, 8], "texture": "#1"},
				"east": {"uv": [9.5, 12, 11.5, 16], "texture": "#1"},
				"south": {"uv": [0, 4, 16, 8], "texture": "#1"},
				"west": {"uv": [6.5, 12, 8.5, 16], "texture": "#1"},
				"up": {"uv": [0, 12, 16, 16], "texture": "#1"},
				"down": {"uv": [0, 0, 16, 4], "texture": "#1"}
			}
		},
		{
			"name": "hori4",
			"from": [0, 13, 15],
			"to": [16, 15, 16],
			"faces": {
				"north": {"uv": [0, 8, 16, 12], "texture": "#1"},
				"east": {"uv": [1.5, 8, 3.5, 12], "texture": "#1"},
				"south": {"uv": [0, 12, 16, 16], "texture": "#1"},
				"west": {"uv": [7.5, 0, 9.5, 4], "texture": "#1"},
				"up": {"uv": [0, 4, 16, 8], "texture": "#1"},
				"down": {"uv": [0, 8, 16, 12], "texture": "#1"}
			}
		}
	],
	"display": {
		"thirdperson_righthand": {
			"rotation": [0, -180, 0],
			"translation": [0, 2.75, 4.25],
			"scale": [0.5, 0.5, 0.5]
		},
		"thirdperson_lefthand": {
			"rotation": [0, -180, 0],
			"translation": [0, 2.75, 4.25],
			"scale": [0.5, 0.5, 0.5]
		},
		"firstperson_righthand": {
			"rotation": [-19, -180, 0],
			"translation": [0, 3.5, 4.75],
			"scale": [0.5, 0.5, 0.5]
		},
		"firstperson_lefthand": {
			"rotation": [-20, -180, 0],
			"translation": [2.25, 2.75, 3.75],
			"scale": [0.5, 0.5, 0.5]
		},
		"ground": {
			"translation": [0, 0, -7]
		},
		"gui": {
			"translation": [0.25, 0.25, 0],
			"scale": [0.8, 0.8, 0.8]
		},
		"fixed": {
			"translation": [0, 0, -8]
		}
	},
	"groups": [
		{
			"name": "vert",
			"origin": [0, 0, 0],
			"color": 0,
			"children": [0, 1]
		},
		{
			"name": "hori",
			"origin": [0, 0, 0],
			"color": 0,
			"children": [2, 3, 4, 5]
		}
	]
}