{
  "credit": "Made with Blockbench",
  "texture_size": [32, 32],
  "textures": {
    "0": "block/leaves/mb",
    "1": "block/leaves/mn",
    "particle": "block/leaves/mb"
  },
  "elements": [
    {
      "name": "block",
      "from": [0, 0, 0],
      "to": [16, 16, 16],
      "faces": {
        "north": {
          "uv": [0, 0, 16, 16],
          "texture": "#1",
          "cullface": "up",
          "tintindex": 0
        },
        "east": {
          "uv": [0, 0, 16, 16],
          "texture": "#1",
          "cullface": "up",
          "tintindex": 0
        },
        "south": {
          "uv": [0, 0, 16, 16],
          "texture": "#1",
          "cullface": "up",
          "tintindex": 0
        },
        "west": {
          "uv": [0, 0, 16, 16],
          "texture": "#1",
          "cullface": "up",
          "tintindex": 0
        },
        "up": {
          "uv": [0, 0, 16, 16],
          "texture": "#1",
          "cullface": "up",
          "tintindex": 0
        },
        "down": {
          "uv": [0, 0, 16, 16],
          "texture": "#1",
          "cullface": "up",
          "tintindex": 0
        }
      }
    },
    {
      "from": [14, -4, -5],
      "to": [14, 22, 23],
      "shade": false,
      "rotation": {
        "angle": -22.5,
        "axis": "y",
        "origin": [14.125, -8, -6.8125]
      },
      "faces": {
        "north": { "uv": [0, 0, 16, 16], "texture": "#0", "tintindex": 0 },
        "east": { "uv": [0, 0, 16, 16], "texture": "#0", "tintindex": 0 },
        "south": { "uv": [0, 0, 16, 16], "texture": "#0", "tintindex": 0 },
        "west": { "uv": [0, 0, 16, 16], "texture": "#0", "tintindex": 0 },
        "up": { "uv": [0, 0, 16, 16], "texture": "#0", "tintindex": 0 },
        "down": { "uv": [0, 0, 16, 16], "texture": "#0", "tintindex": 0 }
      }
    },
    {
      "from": [-5, -5, 13],
      "to": [24, 21, 13],
      "shade": false,
      "rotation": {
        "angle": 22.5,
        "axis": "y",
        "origin": [-6.8125, -8, 1.875]
      },
      "faces": {
        "north": { "uv": [0, 0, 16, 16], "texture": "#0", "tintindex": 0 },
        "east": { "uv": [0, 0, 16, 16], "texture": "#0", "tintindex": 0 },
        "south": { "uv": [0, 0, 16, 16], "texture": "#0", "tintindex": 0 },
        "west": { "uv": [0, 0, 16, 16], "texture": "#0", "tintindex": 0 },
        "up": { "uv": [0, 0, 16, 16], "texture": "#0", "tintindex": 0 },
        "down": { "uv": [0, 0, 16, 16], "texture": "#0", "tintindex": 0 }
      }
    },
    {
      "from": [-5, -5, 2],
      "to": [24, 21, 2],
      "shade": false,
      "rotation": {
        "angle": -22.5,
        "axis": "y",
        "origin": [-6.8125, -8, 1.875]
      },
      "faces": {
        "north": { "uv": [0, 0, 16, 16], "texture": "#0", "tintindex": 0 },
        "east": { "uv": [0, 0, 16, 16], "texture": "#0", "tintindex": 0 },
        "south": { "uv": [0, 0, 16, 16], "texture": "#0", "tintindex": 0 },
        "west": { "uv": [0, 0, 16, 16], "texture": "#0", "tintindex": 0 },
        "up": { "uv": [0, 0, 16, 16], "texture": "#0", "tintindex": 0 },
        "down": { "uv": [0, 0, 16, 16], "texture": "#0", "tintindex": 0 }
      }
    }
  ],
  "display": {
    "thirdperson_righthand": {
      "scale": [0.32, 0.32, 0.32]
    },
    "thirdperson_lefthand": {
      "scale": [0.32, 0.32, 0.32]
    },
    "firstperson_righthand": {
      "translation": [-1.5, 1.75, 0],
      "scale": [0.32, 0.32, 0.32]
    },
    "firstperson_lefthand": {
      "translation": [-1.75, 2.5, 0],
      "scale": [0.32, 0.32, 0.32]
    },
    "ground": {
      "scale": [0.32, 0.32, 0.32]
    },
    "gui": {
      "rotation": [43, -21, 0],
      "scale": [0.5, 0.5, 0.5]
    }
  },
  "groups": [
    0,
    {
      "name": "group",
      "origin": [-6.8125, -8, 1.875],
      "color": 0,
      "children": [1, 2, 3]
    }
  ]
}
