{
	"credit": "Made with Blockbench",
	"texture_size": [32, 32],
	"textures": {
		"0": "block/amethyst_block",
		"1": "block/amethyst/Cluster",
		"particle": "block/amethyst_block"
	},
	"elements": [
		{
			"name": "Main",
			"from": [7, 0, 7],
			"to": [9, 8, 9],
			"faces": {
				"north": {"uv": [1, 5, 3, 9], "texture": "#1"},
				"east": {"uv": [1, 5, 3, 9], "texture": "#1"},
				"south": {"uv": [1, 5, 3, 9], "texture": "#1"},
				"west": {"uv": [1, 5, 3, 9], "texture": "#1"},
				"up": {"uv": [1.5, 12, 2.5, 13], "texture": "#1"},
				"down": {"uv": [1, 5, 3, 9], "texture": "#1"}
			}
		},
		{
			"name": "Side4",
			"from": [7, 3, 7],
			"to": [9, 9, 9],
			"rotation": {"angle": -22.5, "axis": "z", "origin": [0, 0, 0]},
			"faces": {
				"north": {"uv": [6.5, 2.5, 7.5, 5.5], "texture": "#1"},
				"east": {"uv": [6.5, 2.5, 7.5, 5.5], "texture": "#1"},
				"south": {"uv": [6.5, 2.5, 7.5, 5.5], "texture": "#1"},
				"west": {"uv": [6.5, 2.5, 7.5, 5.5], "texture": "#1"},
				"up": {"uv": [1.5, 12, 2.5, 13], "texture": "#1"},
				"down": {"uv": [6.5, 2.5, 7.5, 5.5], "texture": "#1"}
			}
		},
		{
			"name": "Side1",
			"from": [7, -3, 6],
			"to": [9, 3, 8],
			"rotation": {"angle": -22.5, "axis": "x", "origin": [0, 0, 0]},
			"faces": {
				"north": {"uv": [6.5, 3, 7.5, 6], "texture": "#1"},
				"east": {"uv": [6.5, 3, 7.5, 6], "texture": "#1"},
				"south": {"uv": [6.5, 3, 7.5, 6], "texture": "#1"},
				"west": {"uv": [6.5, 3, 7.5, 6], "texture": "#1"},
				"up": {"uv": [1.5, 12, 2.5, 13], "texture": "#1"},
				"down": {"uv": [6.5, 3, 7.5, 6], "texture": "#1"}
			}
		},
		{
			"name": "Side2",
			"from": [6, -3, 7],
			"to": [8, 3, 9],
			"rotation": {"angle": 22.5, "axis": "z", "origin": [0, 0, 0]},
			"faces": {
				"north": {"uv": [6.5, 2.5, 7.5, 5.5], "texture": "#1"},
				"east": {"uv": [6.5, 2.5, 7.5, 5.5], "texture": "#1"},
				"south": {"uv": [6.5, 2.5, 7.5, 5.5], "texture": "#1"},
				"west": {"uv": [6.5, 2.5, 7.5, 5.5], "texture": "#1"},
				"up": {"uv": [6.5, 10, 7.5, 11], "texture": "#1"},
				"down": {"uv": [6.5, 2.5, 7.5, 5.5], "texture": "#1"}
			}
		},
		{
			"name": "Side3",
			"from": [7, 3, 7],
			"to": [9, 9, 9],
			"rotation": {"angle": 22.5, "axis": "x", "origin": [0, 0, 0]},
			"faces": {
				"north": {"uv": [6.5, 4, 7.5, 7], "texture": "#1"},
				"east": {"uv": [6.5, 4, 7.5, 7], "texture": "#1"},
				"south": {"uv": [6.5, 4, 7.5, 7], "texture": "#1"},
				"west": {"uv": [6.5, 4, 7.5, 7], "texture": "#1"},
				"up": {"uv": [6.5, 10, 7.5, 11], "texture": "#1"},
				"down": {"uv": [6.5, 4, 7.5, 7], "texture": "#1"}
			}
		},
		{
			"name": "Base1",
			"from": [6.4, 0, 6.4],
			"to": [9.65, 1, 9.65],
			"faces": {
				"north": {"uv": [11, 9.5, 13, 10], "texture": "#0"},
				"east": {"uv": [3.5, 2.5, 5.5, 3], "texture": "#0"},
				"south": {"uv": [7.5, 12.5, 9.5, 13], "texture": "#0"},
				"west": {"uv": [0, 6, 2, 6.5], "texture": "#0"},
				"up": {"uv": [10, 0, 12, 2], "texture": "#0"},
				"down": {"uv": [5.5, 6, 7.5, 8], "texture": "#0"}
			}
		}
	],
	"groups": [
		0,
		{
			"name": "Side",
			"origin": [0, 0, 0],
			"color": 0,
			"children": [1, 2, 3, 4]
		},
		{
			"name": "Base",
			"origin": [0, 0, 0],
			"color": 0,
			"children": [5]
		}
	]
}