{
	"credit": "Made with Blockbench",
	"textures": {
		"0": "block/iron",
		"1": "block/oak_planks",
		"2": "block/powered_rail",
		"6": "block/rail/gold",
		"1_0": "block/rail/iron",
		"1_1": "block/rail/wood",
		"1_2": "block/rail/power",
		"particle": "block/rail/gold"
	},
	"elements": [
		{
			"from": [2, 0.75, 0],
			"to": [4, 3, 16],
			"faces": {
				"north": {"uv": [12, 0, 14, 1], "texture": "#0"},
				"east": {"uv": [3, 0, 4, 16], "rotation": 90, "texture": "#0"},
				"south": {"uv": [2, 0, 4, 1], "texture": "#0"},
				"west": {"uv": [2, 0, 3, 16], "rotation": 270, "texture": "#0"},
				"up": {"uv": [2, 0, 4, 16], "texture": "#0"},
				"down": {"uv": [2, 0, 4, 16], "texture": "#0"}
			}
		},
		{
			"from": [12, 0.75, 0],
			"to": [14, 3, 16],
			"faces": {
				"north": {"uv": [2, 0, 4, 1], "texture": "#0"},
				"east": {"uv": [13, 0, 14, 16], "rotation": 90, "texture": "#0"},
				"south": {"uv": [12, 0, 14, 1], "texture": "#0"},
				"west": {"uv": [12, 0, 13, 16], "rotation": 270, "texture": "#0"},
				"up": {"uv": [12, 0, 14, 16], "texture": "#0"},
				"down": {"uv": [12, 0, 14, 16], "texture": "#0"}
			}
		},
		{
			"from": [1, 0, 1],
			"to": [15, 1, 3],
			"faces": {
				"north": {"uv": [1, 2, 15, 3], "texture": "#1"},
				"east": {"uv": [14, 2, 15, 4], "rotation": 90, "texture": "#1"},
				"south": {"uv": [1, 3, 15, 4], "texture": "#1"},
				"west": {"uv": [1, 2, 2, 4], "rotation": 270, "texture": "#1"},
				"up": {"uv": [1, 2, 15, 4], "texture": "#1"},
				"down": {"uv": [1, 2, 15, 4], "rotation": 180, "texture": "#1"}
			}
		},
		{
			"from": [1, 0, 5],
			"to": [15, 1, 7],
			"faces": {
				"north": {"uv": [1, 6, 15, 7], "texture": "#1"},
				"east": {"uv": [14, 6, 15, 8], "rotation": 90, "texture": "#1"},
				"south": {"uv": [1, 7, 15, 8], "texture": "#1"},
				"west": {"uv": [1, 6, 2, 8], "rotation": 270, "texture": "#1"},
				"up": {"uv": [1, 6, 15, 8], "texture": "#1"},
				"down": {"uv": [1, 6, 15, 8], "rotation": 180, "texture": "#1"}
			}
		},
		{
			"from": [1, 0, 9],
			"to": [15, 1, 11],
			"faces": {
				"north": {"uv": [1, 10, 15, 11], "texture": "#1"},
				"east": {"uv": [14, 10, 15, 12], "rotation": 90, "texture": "#1"},
				"south": {"uv": [1, 11, 15, 12], "texture": "#1"},
				"west": {"uv": [1, 10, 2, 12], "rotation": 270, "texture": "#1"},
				"up": {"uv": [1, 10, 15, 12], "texture": "#1"},
				"down": {"uv": [1, 10, 15, 12], "rotation": 180, "texture": "#1"}
			}
		},
		{
			"from": [1, 0, 13],
			"to": [15, 1, 15],
			"faces": {
				"north": {"uv": [1, 14, 15, 15], "texture": "#1"},
				"east": {"uv": [14, 14, 15, 16], "rotation": 90, "texture": "#1"},
				"south": {"uv": [1, 15, 15, 16], "texture": "#1"},
				"west": {"uv": [1, 14, 2, 16], "rotation": 270, "texture": "#1"},
				"up": {"uv": [1, 14, 15, 16], "texture": "#1"},
				"down": {"uv": [1, 14, 15, 16], "rotation": 180, "texture": "#1"}
			}
		},
		{
			"from": [4, 0.75, 0],
			"to": [5, 2.5, 16],
			"faces": {
				"north": {"uv": [4, 0, 5, 1], "texture": "#6"},
				"east": {"uv": [9, 0, 10, 16], "rotation": 90, "texture": "#6"},
				"south": {"uv": [4, 15, 5, 16], "texture": "#6"},
				"west": {"uv": [4, 0, 5, 16], "rotation": 270, "texture": "#2"},
				"up": {"uv": [1.5, 0, 2.5, 16], "texture": "#6"},
				"down": {"uv": [4, 0, 5, 16], "texture": "#6"}
			}
		},
		{
			"from": [11, 0.75, 0],
			"to": [12, 2.5, 16],
			"faces": {
				"north": {"uv": [11, 0, 12, 1], "texture": "#6"},
				"east": {"uv": [11, 0, 12, 16], "rotation": 90, "texture": "#2"},
				"south": {"uv": [11, 15, 12, 16], "texture": "#6"},
				"west": {"uv": [11, 0, 12, 16], "rotation": 270, "texture": "#6"},
				"up": {"uv": [11, 0, 12, 16], "texture": "#6"},
				"down": {"uv": [11, 0, 12, 16], "texture": "#6"}
			}
		},
		{
			"from": [5, 1, 9],
			"to": [6, 2, 11],
			"faces": {
				"north": {"uv": [5, 1, 6, 2], "texture": "#2"},
				"east": {"uv": [5, 1, 6, 3], "rotation": 90, "texture": "#2"},
				"south": {"uv": [5, 2, 6, 3], "texture": "#2"},
				"west": {"uv": [5, 1, 6, 3], "rotation": 270, "texture": "#2"},
				"up": {"uv": [5, 1, 6, 3], "texture": "#2"},
				"down": {"uv": [5, 1, 6, 3], "texture": "#2"}
			}
		},
		{
			"from": [5, 1, 5],
			"to": [6, 2, 7],
			"faces": {
				"north": {"uv": [5, 1, 6, 2], "texture": "#2"},
				"east": {"uv": [5, 1, 6, 3], "rotation": 90, "texture": "#2"},
				"south": {"uv": [5, 2, 6, 3], "texture": "#2"},
				"west": {"uv": [5, 1, 6, 3], "rotation": 270, "texture": "#2"},
				"up": {"uv": [5, 1, 6, 3], "texture": "#2"},
				"down": {"uv": [5, 1, 6, 3], "texture": "#2"}
			}
		},
		{
			"from": [5, 1, 13],
			"to": [6, 2, 15],
			"faces": {
				"north": {"uv": [5, 1, 6, 2], "texture": "#2"},
				"east": {"uv": [5, 1, 6, 3], "rotation": 90, "texture": "#2"},
				"south": {"uv": [5, 2, 6, 3], "texture": "#2"},
				"west": {"uv": [5, 1, 6, 3], "rotation": 270, "texture": "#2"},
				"up": {"uv": [5, 1, 6, 3], "texture": "#2"},
				"down": {"uv": [5, 1, 6, 3], "texture": "#2"}
			}
		},
		{
			"from": [10, 1, 13],
			"to": [11, 2, 15],
			"faces": {
				"north": {"uv": [5, 1, 6, 2], "texture": "#2"},
				"east": {"uv": [5, 1, 6, 3], "rotation": 90, "texture": "#2"},
				"south": {"uv": [5, 2, 6, 3], "texture": "#2"},
				"west": {"uv": [5, 1, 6, 3], "rotation": 270, "texture": "#2"},
				"up": {"uv": [5, 1, 6, 3], "texture": "#2"},
				"down": {"uv": [5, 1, 6, 3], "texture": "#2"}
			}
		},
		{
			"from": [10, 1, 9],
			"to": [11, 2, 11],
			"faces": {
				"north": {"uv": [5, 1, 6, 2], "texture": "#2"},
				"east": {"uv": [5, 1, 6, 3], "rotation": 90, "texture": "#2"},
				"south": {"uv": [5, 2, 6, 3], "texture": "#2"},
				"west": {"uv": [5, 1, 6, 3], "rotation": 270, "texture": "#2"},
				"up": {"uv": [5, 1, 6, 3], "texture": "#2"},
				"down": {"uv": [5, 1, 6, 3], "texture": "#2"}
			}
		},
		{
			"from": [10, 1, 5],
			"to": [11, 2, 7],
			"faces": {
				"north": {"uv": [5, 1, 6, 2], "texture": "#2"},
				"east": {"uv": [5, 1, 6, 3], "rotation": 90, "texture": "#2"},
				"south": {"uv": [5, 2, 6, 3], "texture": "#2"},
				"west": {"uv": [5, 1, 6, 3], "rotation": 270, "texture": "#2"},
				"up": {"uv": [5, 1, 6, 3], "texture": "#2"},
				"down": {"uv": [5, 1, 6, 3], "texture": "#2"}
			}
		},
		{
			"from": [10, 1, 1],
			"to": [11, 2, 3],
			"faces": {
				"north": {"uv": [5, 1, 6, 2], "texture": "#2"},
				"east": {"uv": [5, 1, 6, 3], "rotation": 90, "texture": "#2"},
				"south": {"uv": [5, 2, 6, 3], "texture": "#2"},
				"west": {"uv": [5, 1, 6, 3], "rotation": 270, "texture": "#2"},
				"up": {"uv": [5, 1, 6, 3], "texture": "#2"},
				"down": {"uv": [5, 1, 6, 3], "texture": "#2"}
			}
		},
		{
			"from": [10, 1, 1],
			"to": [11, 2, 3],
			"faces": {
				"north": {"uv": [5, 1, 6, 2], "texture": "#2"},
				"east": {"uv": [5, 1, 6, 3], "rotation": 90, "texture": "#2"},
				"south": {"uv": [5, 2, 6, 3], "texture": "#2"},
				"west": {"uv": [5, 1, 6, 3], "rotation": 270, "texture": "#2"},
				"up": {"uv": [5, 1, 6, 3], "texture": "#2"},
				"down": {"uv": [5, 1, 6, 3], "texture": "#2"}
			}
		},
		{
			"from": [5, 1, 1],
			"to": [6, 2, 3],
			"faces": {
				"north": {"uv": [5, 1, 6, 2], "texture": "#2"},
				"east": {"uv": [5, 1, 6, 3], "rotation": 90, "texture": "#2"},
				"south": {"uv": [5, 2, 6, 3], "texture": "#2"},
				"west": {"uv": [5, 1, 6, 3], "rotation": 270, "texture": "#2"},
				"up": {"uv": [5, 1, 6, 3], "texture": "#2"},
				"down": {"uv": [5, 1, 6, 3], "texture": "#2"}
			}
		},
		{
			"from": [7, 0, 3],
			"to": [9, 1, 5],
			"faces": {
				"east": {"uv": [8, 3, 9, 4], "texture": "#2"},
				"west": {"uv": [7, 3, 8, 5], "rotation": 270, "texture": "#2"},
				"up": {"uv": [7, 3, 9, 5], "texture": "#2"},
				"down": {"uv": [7, 5, 9, 3], "texture": "#2"}
			}
		},
		{
			"from": [7, 0, 7],
			"to": [9, 1, 9],
			"faces": {
				"east": {"uv": [8, 3, 9, 4], "texture": "#2"},
				"west": {"uv": [7, 3, 8, 5], "rotation": 270, "texture": "#2"},
				"up": {"uv": [7, 3, 9, 5], "texture": "#2"},
				"down": {"uv": [7, 5, 9, 3], "texture": "#2"}
			}
		},
		{
			"from": [7, 0, 11],
			"to": [9, 1, 13],
			"faces": {
				"east": {"uv": [8, 3, 9, 4], "texture": "#2"},
				"west": {"uv": [7, 3, 8, 5], "rotation": 270, "texture": "#2"},
				"up": {"uv": [7, 3, 9, 5], "texture": "#2"},
				"down": {"uv": [7, 5, 9, 3], "texture": "#2"}
			}
		},
		{
			"from": [2, 0.75, 0],
			"to": [4, 3, 16],
			"faces": {
				"north": {"uv": [12, 0, 14, 1], "texture": "#1_0"},
				"east": {"uv": [3, 0, 4, 16], "rotation": 90, "texture": "#1_0"},
				"south": {"uv": [2, 0, 4, 1], "texture": "#1_0"},
				"west": {"uv": [2, 0, 3, 16], "rotation": 270, "texture": "#1_0"},
				"up": {"uv": [2, 0, 4, 16], "texture": "#1_0"},
				"down": {"uv": [2, 0, 4, 16], "texture": "#1_0"}
			}
		},
		{
			"from": [12, 0.75, 0],
			"to": [14, 3, 16],
			"faces": {
				"north": {"uv": [2, 0, 4, 1], "texture": "#1_0"},
				"east": {"uv": [13, 0, 14, 16], "rotation": 90, "texture": "#1_0"},
				"south": {"uv": [12, 0, 14, 1], "texture": "#1_0"},
				"west": {"uv": [12, 0, 13, 16], "rotation": 270, "texture": "#1_0"},
				"up": {"uv": [12, 0, 14, 16], "texture": "#1_0"},
				"down": {"uv": [12, 0, 14, 16], "texture": "#1_0"}
			}
		},
		{
			"from": [1, 0, 1],
			"to": [15, 1, 3],
			"faces": {
				"north": {"uv": [1, 2, 15, 3], "texture": "#1_1"},
				"east": {"uv": [14, 2, 15, 4], "rotation": 90, "texture": "#1_1"},
				"south": {"uv": [1, 3, 15, 4], "texture": "#1_1"},
				"west": {"uv": [1, 2, 2, 4], "rotation": 270, "texture": "#1_1"},
				"up": {"uv": [1, 2, 15, 4], "texture": "#1_1"},
				"down": {"uv": [1, 2, 15, 4], "rotation": 180, "texture": "#1_1"}
			}
		},
		{
			"from": [1, 0, 5],
			"to": [15, 1, 7],
			"faces": {
				"north": {"uv": [1, 6, 15, 7], "texture": "#1_1"},
				"east": {"uv": [14, 6, 15, 8], "rotation": 90, "texture": "#1_1"},
				"south": {"uv": [1, 7, 15, 8], "texture": "#1_1"},
				"west": {"uv": [1, 6, 2, 8], "rotation": 270, "texture": "#1_1"},
				"up": {"uv": [1, 6, 15, 8], "texture": "#1_1"},
				"down": {"uv": [1, 6, 15, 8], "rotation": 180, "texture": "#1_1"}
			}
		},
		{
			"from": [1, 0, 9],
			"to": [15, 1, 11],
			"faces": {
				"north": {"uv": [1, 10, 15, 11], "texture": "#1_1"},
				"east": {"uv": [14, 10, 15, 12], "rotation": 90, "texture": "#1_1"},
				"south": {"uv": [1, 11, 15, 12], "texture": "#1_1"},
				"west": {"uv": [1, 10, 2, 12], "rotation": 270, "texture": "#1_1"},
				"up": {"uv": [1, 10, 15, 12], "texture": "#1_1"},
				"down": {"uv": [1, 10, 15, 12], "rotation": 180, "texture": "#1_1"}
			}
		},
		{
			"from": [1, 0, 13],
			"to": [15, 1, 15],
			"faces": {
				"north": {"uv": [1, 14, 15, 15], "texture": "#1_1"},
				"east": {"uv": [14, 14, 15, 16], "rotation": 90, "texture": "#1_1"},
				"south": {"uv": [1, 15, 15, 16], "texture": "#1_1"},
				"west": {"uv": [1, 14, 2, 16], "rotation": 270, "texture": "#1_1"},
				"up": {"uv": [1, 14, 15, 16], "texture": "#1_1"},
				"down": {"uv": [1, 14, 15, 16], "rotation": 180, "texture": "#1_1"}
			}
		},
		{
			"from": [5, 1, 9],
			"to": [6, 2, 11],
			"faces": {
				"north": {"uv": [5, 1, 6, 2], "texture": "#1_2"},
				"east": {"uv": [5, 1, 6, 3], "rotation": 90, "texture": "#1_2"},
				"south": {"uv": [5, 2, 6, 3], "texture": "#1_2"},
				"west": {"uv": [5, 1, 6, 3], "rotation": 270, "texture": "#1_2"},
				"up": {"uv": [5, 1, 6, 3], "texture": "#1_2"},
				"down": {"uv": [5, 1, 6, 3], "texture": "#1_2"}
			}
		},
		{
			"from": [5, 1, 5],
			"to": [6, 2, 7],
			"faces": {
				"north": {"uv": [5, 1, 6, 2], "texture": "#1_2"},
				"east": {"uv": [5, 1, 6, 3], "rotation": 90, "texture": "#1_2"},
				"south": {"uv": [5, 2, 6, 3], "texture": "#1_2"},
				"west": {"uv": [5, 1, 6, 3], "rotation": 270, "texture": "#1_2"},
				"up": {"uv": [5, 1, 6, 3], "texture": "#1_2"},
				"down": {"uv": [5, 1, 6, 3], "texture": "#1_2"}
			}
		},
		{
			"from": [5, 1, 13],
			"to": [6, 2, 15],
			"faces": {
				"north": {"uv": [5, 1, 6, 2], "texture": "#1_2"},
				"east": {"uv": [5, 1, 6, 3], "rotation": 90, "texture": "#1_2"},
				"south": {"uv": [5, 2, 6, 3], "texture": "#1_2"},
				"west": {"uv": [5, 1, 6, 3], "rotation": 270, "texture": "#1_2"},
				"up": {"uv": [5, 1, 6, 3], "texture": "#1_2"},
				"down": {"uv": [5, 1, 6, 3], "texture": "#1_2"}
			}
		},
		{
			"from": [10, 1, 13],
			"to": [11, 2, 15],
			"faces": {
				"north": {"uv": [5, 1, 6, 2], "texture": "#1_2"},
				"east": {"uv": [5, 1, 6, 3], "rotation": 90, "texture": "#1_2"},
				"south": {"uv": [5, 2, 6, 3], "texture": "#1_2"},
				"west": {"uv": [5, 1, 6, 3], "rotation": 270, "texture": "#1_2"},
				"up": {"uv": [5, 1, 6, 3], "texture": "#1_2"},
				"down": {"uv": [5, 1, 6, 3], "texture": "#1_2"}
			}
		},
		{
			"from": [10, 1, 9],
			"to": [11, 2, 11],
			"faces": {
				"north": {"uv": [5, 1, 6, 2], "texture": "#1_2"},
				"east": {"uv": [5, 1, 6, 3], "rotation": 90, "texture": "#1_2"},
				"south": {"uv": [5, 2, 6, 3], "texture": "#1_2"},
				"west": {"uv": [5, 1, 6, 3], "rotation": 270, "texture": "#1_2"},
				"up": {"uv": [5, 1, 6, 3], "texture": "#1_2"},
				"down": {"uv": [5, 1, 6, 3], "texture": "#1_2"}
			}
		},
		{
			"from": [10, 1, 5],
			"to": [11, 2, 7],
			"faces": {
				"north": {"uv": [5, 1, 6, 2], "texture": "#1_2"},
				"east": {"uv": [5, 1, 6, 3], "rotation": 90, "texture": "#1_2"},
				"south": {"uv": [5, 2, 6, 3], "texture": "#1_2"},
				"west": {"uv": [5, 1, 6, 3], "rotation": 270, "texture": "#1_2"},
				"up": {"uv": [5, 1, 6, 3], "texture": "#1_2"},
				"down": {"uv": [5, 1, 6, 3], "texture": "#1_2"}
			}
		},
		{
			"from": [10, 1, 1],
			"to": [11, 2, 3],
			"faces": {
				"north": {"uv": [5, 1, 6, 2], "texture": "#1_2"},
				"east": {"uv": [5, 1, 6, 3], "rotation": 90, "texture": "#1_2"},
				"south": {"uv": [5, 2, 6, 3], "texture": "#1_2"},
				"west": {"uv": [5, 1, 6, 3], "rotation": 270, "texture": "#1_2"},
				"up": {"uv": [5, 1, 6, 3], "texture": "#1_2"},
				"down": {"uv": [5, 1, 6, 3], "texture": "#1_2"}
			}
		},
		{
			"from": [10, 1, 1],
			"to": [11, 2, 3],
			"faces": {
				"north": {"uv": [5, 1, 6, 2], "texture": "#1_2"},
				"east": {"uv": [5, 1, 6, 3], "rotation": 90, "texture": "#1_2"},
				"south": {"uv": [5, 2, 6, 3], "texture": "#1_2"},
				"west": {"uv": [5, 1, 6, 3], "rotation": 270, "texture": "#1_2"},
				"up": {"uv": [5, 1, 6, 3], "texture": "#1_2"},
				"down": {"uv": [5, 1, 6, 3], "texture": "#1_2"}
			}
		},
		{
			"from": [5, 1, 1],
			"to": [6, 2, 3],
			"faces": {
				"north": {"uv": [5, 1, 6, 2], "texture": "#1_2"},
				"east": {"uv": [5, 1, 6, 3], "rotation": 90, "texture": "#1_2"},
				"south": {"uv": [5, 2, 6, 3], "texture": "#1_2"},
				"west": {"uv": [5, 1, 6, 3], "rotation": 270, "texture": "#1_2"},
				"up": {"uv": [5, 1, 6, 3], "texture": "#1_2"},
				"down": {"uv": [5, 1, 6, 3], "texture": "#1_2"}
			}
		},
		{
			"from": [7, 0, 3],
			"to": [9, 1, 5],
			"faces": {
				"east": {"uv": [8, 3, 9, 4], "texture": "#1_2"},
				"west": {"uv": [7, 3, 8, 5], "rotation": 270, "texture": "#1_2"},
				"up": {"uv": [7, 3, 9, 5], "texture": "#1_2"},
				"down": {"uv": [7, 5, 9, 3], "texture": "#1_2"}
			}
		},
		{
			"from": [7, 0, 7],
			"to": [9, 1, 9],
			"faces": {
				"east": {"uv": [8, 3, 9, 4], "texture": "#1_2"},
				"west": {"uv": [7, 3, 8, 5], "rotation": 270, "texture": "#1_2"},
				"up": {"uv": [7, 3, 9, 5], "texture": "#1_2"},
				"down": {"uv": [7, 5, 9, 3], "texture": "#1_2"}
			}
		},
		{
			"from": [7, 0, 11],
			"to": [9, 1, 13],
			"faces": {
				"east": {"uv": [8, 3, 9, 4], "texture": "#1_2"},
				"west": {"uv": [7, 3, 8, 5], "rotation": 270, "texture": "#1_2"},
				"up": {"uv": [7, 3, 9, 5], "texture": "#1_2"},
				"down": {"uv": [7, 5, 9, 3], "texture": "#1_2"}
			}
		}
	],
	"groups": [
		0,
		1,
		2,
		3,
		4,
		5,
		6,
		7,
		8,
		9,
		10,
		11,
		12,
		13,
		14,
		15,
		16,
		17,
		18,
		19,
		{
			"name": "powered_rail",
			"origin": [8, 8, 8],
			"color": 0,
			"children": [20, 21, 22, 23, 24, 25, 26, 27, 28, 29, 30, 31, 32, 33, 34, 35, 36, 37]
		}
	]
}