{
	"credit": "Made with Blockbench",
	"texture_size": [32, 32],
	"textures": {
		"1": "block/amethyst/Cluster",
		"particle": "block/amethyst_block"
	},
	"elements": [
		{
			"name": "Main",
			"from": [6, 0, 6],
			"to": [8, 5, 8],
			"faces": {
				"north": {"uv": [1.5, 7.5, 2.5, 9], "texture": "#1"},
				"east": {"uv": [1.5, 7.5, 2.5, 9], "texture": "#1"},
				"south": {"uv": [1.5, 7.5, 2.5, 9], "texture": "#1"},
				"west": {"uv": [1.5, 7.5, 2.5, 9], "texture": "#1"},
				"up": {"uv": [1.5, 12, 2.5, 13], "texture": "#1"},
				"down": {"uv": [1.5, 7.5, 2.5, 9], "texture": "#1"}
			}
		},
		{
			"name": "Side4",
			"from": [7, 3, 6],
			"to": [9, 6, 8],
			"rotation": {"angle": -22.5, "axis": "z", "origin": [0, 0, 0]},
			"faces": {
				"north": {"uv": [6.5, 3, 7.5, 4.5], "texture": "#1"},
				"east": {"uv": [6.5, 3, 7.5, 4.5], "texture": "#1"},
				"south": {"uv": [6.5, 3, 7.5, 4.5], "texture": "#1"},
				"west": {"uv": [6.5, 3, 7.5, 4.5], "texture": "#1"},
				"up": {"uv": [6.5, 10, 7.5, 11], "texture": "#1"},
				"down": {"uv": [6.5, 3, 7.5, 4.5], "texture": "#1"}
			}
		},
		{
			"name": "Side1",
			"from": [6, -3, 4],
			"to": [8, 0.5, 6],
			"rotation": {"angle": -22.5, "axis": "x", "origin": [0, 0, 0]},
			"faces": {
				"north": {"uv": [6.5, 5, 7.5, 6.5], "texture": "#1"},
				"east": {"uv": [6.5, 5, 7.5, 6.5], "texture": "#1"},
				"south": {"uv": [6.5, 5, 7.5, 6.5], "texture": "#1"},
				"west": {"uv": [6.5, 5, 7.5, 6.5], "texture": "#1"},
				"up": {"uv": [6.5, 10, 7.5, 11], "texture": "#1"},
				"down": {"uv": [6.5, 5, 7.5, 6.5], "texture": "#1"}
			}
		},
		{
			"name": "Side2",
			"from": [4, -3, 6],
			"to": [6, 0.5, 8],
			"rotation": {"angle": 22.5, "axis": "z", "origin": [0, 0, 0]},
			"faces": {
				"north": {"uv": [6.5, 5.5, 7.5, 7], "texture": "#1"},
				"east": {"uv": [6.5, 5.5, 7.5, 7], "texture": "#1"},
				"south": {"uv": [6.5, 5.5, 7.5, 7], "texture": "#1"},
				"west": {"uv": [6.5, 5.5, 7.5, 7], "texture": "#1"},
				"up": {"uv": [6.5, 10, 7.5, 11], "texture": "#1"},
				"down": {"uv": [6.5, 5.5, 7.5, 7], "texture": "#1"}
			}
		},
		{
			"name": "Side3",
			"from": [6, 3, 7],
			"to": [8, 6, 9],
			"rotation": {"angle": 22.5, "axis": "x", "origin": [0, 0, 0]},
			"faces": {
				"north": {"uv": [6.5, 3, 7.5, 4.5], "texture": "#1"},
				"east": {"uv": [6.5, 3, 7.5, 4.5], "texture": "#1"},
				"south": {"uv": [6.5, 3, 7.5, 4.5], "texture": "#1"},
				"west": {"uv": [6.5, 3, 7.5, 4.5], "texture": "#1"},
				"up": {"uv": [6.5, 10, 7.5, 11], "texture": "#1"},
				"down": {"uv": [6.5, 3, 7.5, 4.5], "texture": "#1"}
			}
		}
	],
	"groups": [
		0,
		{
			"name": "Side",
			"origin": [0, 0, 0],
			"color": 0,
			"children": [1, 2, 3, 4]
		},
		{
			"name": "Base",
			"origin": [0, 0, 0],
			"color": 0,
			"children": []
		}
	]
}