{
    "credit": "Made with Blockbench",
    "texture_size": [64, 64],
    "textures": {
        "0": "block/sniffer_egg/not_cracked",
        "particle": "block/sniffer_egg/not_cracked"
    },
    "elements": [
        {
            "from": [1, 0, 2],
            "to": [15, 16, 14],
            "faces": {
                "north": { "uv": [0, 0, 3.5, 4], "texture": "#0" },
                "east": { "uv": [0, 4, 3, 8], "texture": "#0" },
                "south": { "uv": [3.5, 0, 7, 4], "texture": "#0" },
                "west": { "uv": [3, 4, 6, 8], "texture": "#0" },
                "up": { "uv": [9.5, 7, 6, 4], "texture": "#0" },
                "down": { "uv": [10.5, 0, 7, 3], "texture": "#0" }
            }
        }
    ]
}
