{
	"credit": "Made with Blockbench",
	"ambientocclusion": false,
	"texture_size": [32, 32],
	"textures": {
		"3": "block/grass_block_side",
		"5": "model/grass",
		"7": "model/grass2",
		"8": "model/grasst",
		"9": "model/grasso",
		"particle": "model/grasso"
	},
	"elements": [
		{
			"from": [0, 0, 0],
			"to": [16, 16, 16],
			"faces": {
				"up": {"uv": [0, 0, 16, 16], "texture": "#8", "tintindex": 0}
			}
		},
		{
			"from": [0, 0, 0],
			"to": [16, 16, 16],
			"faces": {
				"north": {"uv": [0, 0, 16, 16], "texture": "#9"},
				"east": {"uv": [0, 0, 16, 16], "texture": "#9"},
				"south": {"uv": [0, 0, 16, 16], "texture": "#9", "tintindex": 0},
				"west": {"uv": [0, 0, 16, 16], "texture": "#9"}
			}
		},
		{
			"from": [0, 0, 0],
			"to": [16, 16, 16],
			"faces": {
				"north": {"uv": [0, 0, 16, 16], "texture": "#3"},
				"east": {"uv": [0, 0, 16, 16], "texture": "#3"},
				"south": {"uv": [0, 0, 16, 16], "texture": "#3"},
				"west": {"uv": [0, 0, 16, 16], "texture": "#3"},
				"up": {"uv": [0, 0, 8, 8], "texture": "#missing"},
				"down": {"uv": [0, 0, 8, 8], "texture": "#missing"}
			}
		},
		{
			"from": [0, 9.75, -6.15],
			"to": [16, 14.75, -6.15],
			"rotation": {"angle": 22.5, "axis": "x", "origin": [0, 0, 0]},
			"faces": {
				"north": {"uv": [0, 0, 16, 5.5], "texture": "#5"},
				"east": {"uv": [0, 0, 0, 2.5], "texture": "#missing"},
				"south": {"uv": [0, 0, 16, 5.5], "texture": "#7", "tintindex": 0},
				"west": {"uv": [0, 0, 0, 2.5], "texture": "#missing", "tintindex": 0},
				"up": {"uv": [0, 0, 8, 0], "texture": "#missing", "tintindex": 0},
				"down": {"uv": [0, 0, 8, 0], "texture": "#missing"}
			}
		},
		{
			"from": [-6.15, -1.25, 0],
			"to": [-6.15, 14.75, 16],
			"rotation": {"angle": -22.5, "axis": "z", "origin": [0, 0, 0]},
			"faces": {
				"north": {"uv": [0.5, 0.5, 0.5, 3], "texture": "#missing"},
				"east": {"uv": [0, 0, 16, 16], "texture": "#7"},
				"south": {"uv": [1.5, 0.5, 1.5, 3], "texture": "#missing", "tintindex": 0},
				"west": {"uv": [0, 0, 16, 16], "texture": "#5", "tintindex": 0},
				"up": {"uv": [1, 0.5, 1, 8.5], "texture": "#missing", "tintindex": 0},
				"down": {"uv": [1.5, 0, 1.5, 8], "texture": "#missing"}
			}
		},
		{
			"from": [20.85, -7.25, 0],
			"to": [20.85, 8.75, 16],
			"rotation": {"angle": 22.5, "axis": "z", "origin": [0, 0, 0]},
			"faces": {
				"north": {"uv": [0.5, 0.5, 0.5, 3], "texture": "#missing"},
				"east": {"uv": [0, 0, 16, 16], "texture": "#7"},
				"south": {"uv": [1.5, 0.5, 1.5, 3], "texture": "#missing", "tintindex": 0},
				"west": {"uv": [0, 0, 16, 16], "texture": "#5", "tintindex": 0},
				"up": {"uv": [1, 0.5, 1, 8.5], "texture": "#missing", "tintindex": 0},
				"down": {"uv": [1.5, 0, 1.5, 8], "texture": "#missing"}
			}
		},
		{
			"from": [0, 3.75, 20.85],
			"to": [16, 8.75, 20.85],
			"rotation": {"angle": -22.5, "axis": "x", "origin": [0, 0, 0]},
			"faces": {
				"north": {"uv": [0, 0, 16, 5.5], "texture": "#5"},
				"east": {"uv": [0, 0, 0, 2.5], "texture": "#missing"},
				"south": {"uv": [0, 0, 16, 5.5], "texture": "#7", "tintindex": 0},
				"west": {"uv": [0, 0, 0, 2.5], "texture": "#missing", "tintindex": 0},
				"up": {"uv": [0, 0, 8, 0], "texture": "#missing", "tintindex": 0},
				"down": {"uv": [0, 0, 8, 0], "texture": "#missing"}
			}
		}
	],
	"display": {
		"thirdperson_righthand": {
			"scale": [0.16, 0.16, 0.16]
		},
		"thirdperson_lefthand": {
			"scale": [0.16, 0.16, 0.16]
		},
		"firstperson_righthand": {
			"scale": [0.16, 0.16, 0.16]
		},
		"firstperson_lefthand": {
			"scale": [0.16, 0.16, 0.16]
		},
		"ground": {
			"scale": [0.16, 0.16, 0.16]
		},
		"gui": {
			"rotation": [-160, 46, -169.28],
			"scale": [0.5, 0.5, 0.5]
		}
	}
}