{
	"credit": "Made with Blockbench",
	"parent": "block/block",
	"ambientocclusion": false,
	"textures": {
		"1": "block/azalea3",
		"2": "block/azalea2",
		"3": "block/azalea1",
		"particle": "block/azalea3"
	},
	"elements": [
		{
			"from": [8, -5, -7],
			"to": [8, 21, 23],
			"shade": false,
			"rotation": {"angle": -45, "axis": "y", "origin": [8, 11, 8]},
			"faces": {
				"north": {"uv": [0, 0, 0, 0], "texture": "#1"},
				"east": {"uv": [16, 0, 0, 16], "texture": "#1", "tintindex": 0},
				"south": {"uv": [0, 0, 0, 0], "texture": "#1"},
				"west": {"uv": [0, 0, 16, 16], "texture": "#1", "tintindex": 0},
				"up": {"uv": [0, 0, 0, 0], "texture": "#1"},
				"down": {"uv": [0, 0, 0, 0], "texture": "#1"}
			}
		},
		{
			"from": [-7, -5, 8],
			"to": [23, 21, 8],
			"shade": false,
			"rotation": {"angle": -45, "axis": "y", "origin": [8, 11, 8]},
			"faces": {
				"north": {"uv": [16, 0, 0, 16], "texture": "#2", "tintindex": 0},
				"east": {"uv": [0, 0, 0, 0], "texture": "#2"},
				"south": {"uv": [16, 0, 0, 16], "texture": "#2", "tintindex": 0},
				"west": {"uv": [0, 0, 0, 0], "texture": "#2"},
				"up": {"uv": [0, 0, 0, 0], "texture": "#2"},
				"down": {"uv": [0, 0, 0, 0], "texture": "#2"}
			}
		},
		{
			"from": [-5, 8, -8],
			"to": [21, 8, 24],
			"shade": false,
			"rotation": {"angle": -45, "axis": "x", "origin": [11, 8, 8]},
			"faces": {
				"north": {"uv": [0, 0, 0, 0], "texture": "#3"},
				"east": {"uv": [0, 0, 0, 0], "texture": "#3"},
				"south": {"uv": [0, 0, 0, 0], "texture": "#3"},
				"west": {"uv": [0, 0, 0, 0], "texture": "#3"},
				"up": {"uv": [0, 0, 16, 16], "rotation": 180, "texture": "#3", "tintindex": 0},
				"down": {"uv": [16, 0, 0, 16], "texture": "#3", "tintindex": 0}
			}
		},
		{
			"from": [-5, -8, 8],
			"to": [21, 24, 8],
			"shade": false,
			"rotation": {"angle": -45, "axis": "x", "origin": [11, 8, 8]},
			"faces": {
				"north": {"uv": [0, 0, 16, 16], "texture": "#3", "tintindex": 0},
				"east": {"uv": [0, 0, 0, 0], "texture": "#3"},
				"south": {"uv": [16, 0, 0, 16], "rotation": 180, "texture": "#3", "tintindex": 0},
				"west": {"uv": [0, 0, 0, 0], "texture": "#3"},
				"up": {"uv": [0, 0, 0, 0], "texture": "#3"},
				"down": {"uv": [0, 0, 0, 0], "texture": "#3"}
			}
		}
	],
	"groups": [
		{
			"name": "leaves_extra3",
			"origin": [8, 8, 8],
			"color": 0,
			"children": [0, 1, 2, 3]
		}
	]
}