{
	"credit": "Made with Blockbench",
	"parent": "block/block",
	"textures": {
		"particle": "block/big_dripleaf_stem",
		"stem": "block/big_dripleaf_stem"
	},
	"elements": [
		{
			"from": [6, 0, 8.5],
			"to": [12, 15, 8.5],
			"shade": false,
			"rotation": {"angle": 45, "axis": "y", "origin": [9, 8, 8.5], "rescale": true},
			"faces": {
				"north": {"uv": [3, 0, 14, 16], "texture": "#stem"},
				"east": {"uv": [0, 0, 0, 0], "texture": "#stem"},
				"south": {"uv": [3, 0, 14, 16], "texture": "#stem"},
				"west": {"uv": [0, 0, 0, 0], "texture": "#stem"},
				"up": {"uv": [0, 0, 0, 0], "texture": "#stem"},
				"down": {"uv": [0, 0, 0, 0], "texture": "#stem"}
			}
		},
		{
			"from": [6, 0, 8.5],
			"to": [12, 15, 8.5],
			"shade": false,
			"rotation": {"angle": -45, "axis": "y", "origin": [9, 8, 8.5], "rescale": true},
			"faces": {
				"north": {"uv": [3, 0, 14, 16], "texture": "#stem"},
				"east": {"uv": [0, 0, 0, 0], "texture": "#stem"},
				"south": {"uv": [3, 0, 14, 16], "texture": "#stem"},
				"west": {"uv": [0, 0, 0, 0], "texture": "#stem"},
				"up": {"uv": [0, 0, 0, 0], "texture": "#stem"},
				"down": {"uv": [0, 0, 0, 0], "texture": "#stem"}
			}
		},
		{
			"from": [6.25, -3, 9],
			"to": [12.25, 7, 9],
			"shade": false,
			"rotation": {"angle": -45, "axis": "y", "origin": [9.25, 5, 9], "rescale": true},
			"faces": {
				"north": {"uv": [14, 0, 3, 16], "texture": "#stem"},
				"east": {"uv": [0, 0, 0, 0], "texture": "#stem"},
				"south": {"uv": [3, 0, 14, 16], "texture": "#stem"},
				"west": {"uv": [0, 0, 0, 0], "texture": "#stem"},
				"up": {"uv": [0, 0, 0, 0], "texture": "#stem"},
				"down": {"uv": [0, 0, 0, 0], "texture": "#stem"}
			}
		},
		{
			"from": [6.25, -3, 9],
			"to": [12.25, 7, 9],
			"shade": false,
			"rotation": {"angle": 45, "axis": "y", "origin": [9.25, 5, 9], "rescale": true},
			"faces": {
				"north": {"uv": [14, 0, 3, 16], "texture": "#stem"},
				"east": {"uv": [0, 0, 0, 0], "texture": "#stem"},
				"south": {"uv": [3, 0, 14, 16], "texture": "#stem"},
				"west": {"uv": [0, 0, 0, 0], "texture": "#stem"},
				"up": {"uv": [0, 0, 0, 0], "texture": "#stem"},
				"down": {"uv": [0, 0, 0, 0], "texture": "#stem"}
			}
		}
	]
}