{
	"credit": "Made with Blockbench",
	"parent": "block/leaves_extra1_t",
	"textures": {
		"all": "block/cherry_leaves"
	},
	"elements": [
		{
			"from": [3, -4.375, 1],
			"to": [3, 11.625, 17],
			"rotation": {"angle": -45, "axis": "z", "origin": [3, 10, 13]},
			"faces": {
				"north": {"uv": [0, 0, 0, 0], "texture": "#all"},
				"east": {"uv": [0, 16, 16, 0], "rotation": 270, "texture": "#all", "tintindex": 0},
				"south": {"uv": [0, 0, 0, 0], "texture": "#all"},
				"west": {"uv": [16, 16, 0, 0], "rotation": 180, "texture": "#all", "tintindex": 0},
				"up": {"uv": [0, 0, 0, 0], "texture": "#all"},
				"down": {"uv": [0, 0, 0, 0], "texture": "#all"}
			}
		},
		{
			"from": [12.375, -3.675, -6],
			"to": [12.375, 12.325, 10],
			"rotation": {"angle": 22.5, "axis": "z", "origin": [12.375, 12.325, -2]},
			"faces": {
				"north": {"uv": [0, 0, 0, 0], "texture": "#all"},
				"east": {"uv": [16, 16, 0, 0], "rotation": 180, "texture": "#all", "tintindex": 0},
				"south": {"uv": [0, 0, 0, 0], "texture": "#all"},
				"west": {"uv": [0, 16, 16, 0], "texture": "#all", "tintindex": 0},
				"up": {"uv": [0, 0, 0, 0], "texture": "#all"},
				"down": {"uv": [0, 0, 0, 0], "texture": "#all"}
			}
		},
		{
			"from": [-4.525, -4.75, 13.2],
			"to": [11.475, 11.25, 13.2],
			"rotation": {"angle": -45, "axis": "x", "origin": [6, 7.4, 13.2]},
			"faces": {
				"north": {"uv": [0, 16, 16, 0], "rotation": 270, "texture": "#all", "tintindex": 0},
				"east": {"uv": [0, 0, 0, 0], "texture": "#all"},
				"south": {"uv": [16, 16, 0, 0], "rotation": 180, "texture": "#all", "tintindex": 0},
				"west": {"uv": [0, 0, 0, 0], "texture": "#all"},
				"up": {"uv": [0, 0, 0, 0], "texture": "#all"},
				"down": {"uv": [0, 0, 0, 0], "texture": "#all"}
			}
		},
		{
			"from": [-12, 12.5, -2],
			"to": [4, 12.5, 14],
			"rotation": {"angle": 22.5, "axis": "z", "origin": [4, 12.5, 10]},
			"faces": {
				"north": {"uv": [0, 0, 0, 0], "texture": "#all"},
				"east": {"uv": [0, 0, 0, 0], "texture": "#all"},
				"south": {"uv": [0, 0, 0, 0], "texture": "#all"},
				"west": {"uv": [0, 0, 0, 0], "texture": "#all"},
				"up": {"uv": [16, 16, 0, 0], "rotation": 180, "texture": "#all", "tintindex": 0},
				"down": {"uv": [0, 16, 16, 0], "texture": "#all", "tintindex": 0}
			}
		},
		{
			"from": [5, -2.15, 2],
			"to": [21, 13.85, 2],
			"rotation": {"angle": 45, "axis": "x", "origin": [9, 10.85, 2]},
			"faces": {
				"north": {"uv": [16, 16, 0, 0], "rotation": 180, "texture": "#all", "tintindex": 0},
				"east": {"uv": [0, 0, 0, 0], "texture": "#all"},
				"south": {"uv": [0, 16, 16, 0], "rotation": 270, "texture": "#all", "tintindex": 0},
				"west": {"uv": [0, 0, 0, 0], "texture": "#all"},
				"up": {"uv": [0, 0, 0, 0], "texture": "#all"},
				"down": {"uv": [0, 0, 0, 0], "texture": "#all"}
			}
		},
		{
			"from": [3, 8.04272, 10.59731],
			"to": [19, 8.04272, 26.59731],
			"rotation": {"angle": 45, "axis": "x", "origin": [11, 7.04272, 15.59731]},
			"faces": {
				"north": {"uv": [0, 0, 0, 0], "texture": "#all"},
				"east": {"uv": [0, 0, 0, 0], "texture": "#all"},
				"south": {"uv": [0, 0, 0, 0], "texture": "#all"},
				"west": {"uv": [0, 0, 0, 0], "texture": "#all"},
				"up": {"uv": [16, 16, 0, 0], "texture": "#all", "tintindex": 0},
				"down": {"uv": [0, 16, 16, 0], "rotation": 180, "texture": "#all", "tintindex": 0}
			}
		},
		{
			"from": [8.65685, 13.04315, 1],
			"to": [24.65685, 13.04315, 17],
			"rotation": {"angle": -22.5, "axis": "z", "origin": [14.65685, 14.04315, 9]},
			"faces": {
				"north": {"uv": [0, 0, 0, 0], "texture": "#all"},
				"east": {"uv": [0, 0, 0, 0], "texture": "#all"},
				"south": {"uv": [0, 0, 0, 0], "texture": "#all"},
				"west": {"uv": [0, 0, 0, 0], "texture": "#all"},
				"up": {"uv": [16, 16, 0, 0], "rotation": 270, "texture": "#all", "tintindex": 0},
				"down": {"uv": [0, 16, 16, 0], "rotation": 270, "texture": "#all", "tintindex": 0}
			}
		},
		{
			"from": [5.175, -1.20728, 5.99731],
			"to": [5.175, 14.79272, 21.99731],
			"rotation": {"angle": 22.5, "axis": "z", "origin": [6.9, 7.94272, 16.39731]},
			"faces": {
				"north": {"uv": [0, 0, 0, 0], "texture": "#all"},
				"east": {"uv": [16, 16, 0, 0], "rotation": 180, "texture": "#all", "tintindex": 0},
				"south": {"uv": [0, 0, 0, 0], "texture": "#all"},
				"west": {"uv": [0, 16, 16, 0], "rotation": 180, "texture": "#all", "tintindex": 0},
				"up": {"uv": [0, 0, 0, 0], "texture": "#all"},
				"down": {"uv": [0, 0, 0, 0], "texture": "#all"}
			}
		},
		{
			"from": [-3, -1.1, 5.525],
			"to": [13, 14.9, 5.525],
			"rotation": {"angle": 22.5, "axis": "x", "origin": [9, 10, 2]},
			"faces": {
				"north": {"uv": [0, 16, 16, 0], "rotation": 270, "texture": "#all", "tintindex": 0},
				"east": {"uv": [0, 0, 0, 0], "texture": "#all"},
				"south": {"uv": [16, 16, 0, 0], "rotation": 90, "texture": "#all", "tintindex": 0},
				"west": {"uv": [0, 0, 0, 0], "texture": "#all"},
				"up": {"uv": [0, 0, 0, 0], "texture": "#all"},
				"down": {"uv": [0, 0, 0, 0], "texture": "#all"}
			}
		},
		{
			"from": [15.43647, -0.06604, 5],
			"to": [15.43647, 15.93396, 21],
			"rotation": {"angle": 45, "axis": "z", "origin": [16.43647, 8.93396, 13]},
			"faces": {
				"north": {"uv": [0, 0, 0, 0], "texture": "#all"},
				"east": {"uv": [16, 16, 0, 0], "rotation": 180, "texture": "#all", "tintindex": 0},
				"south": {"uv": [0, 0, 0, 0], "texture": "#all"},
				"west": {"uv": [0, 16, 16, 0], "rotation": 180, "texture": "#all", "tintindex": 0},
				"up": {"uv": [0, 0, 0, 0], "texture": "#all"},
				"down": {"uv": [0, 0, 0, 0], "texture": "#all"}
			}
		},
		{
			"from": [-2, 14.34315, -0.34315],
			"to": [14, 14.34315, 15.65685],
			"rotation": {"angle": 0, "axis": "y", "origin": [0, 2, 0]},
			"faces": {
				"north": {"uv": [0, 0, 0, 0], "texture": "#all"},
				"east": {"uv": [0, 0, 0, 0], "texture": "#all"},
				"south": {"uv": [0, 0, 0, 0], "texture": "#all"},
				"west": {"uv": [0, 0, 0, 0], "texture": "#all"},
				"up": {"uv": [16, 16, 0, 0], "texture": "#all", "tintindex": 0},
				"down": {"uv": [0, 16, 16, 0], "rotation": 180, "texture": "#all", "tintindex": 0}
			}
		},
		{
			"from": [1, 16.075, -8],
			"to": [17, 16.075, 8],
			"rotation": {"angle": -22.5, "axis": "x", "origin": [5, 14.55, 8]},
			"faces": {
				"north": {"uv": [0, 0, 0, 0], "texture": "#all"},
				"east": {"uv": [0, 0, 0, 0], "texture": "#all"},
				"south": {"uv": [0, 0, 0, 0], "texture": "#all"},
				"west": {"uv": [0, 0, 0, 0], "texture": "#all"},
				"up": {"uv": [16, 16, 0, 0], "rotation": 270, "texture": "#all", "tintindex": 0},
				"down": {"uv": [0, 16, 16, 0], "rotation": 270, "texture": "#all", "tintindex": 0}
			}
		},
		{
			"from": [1, 7, -8],
			"to": [17, 7, 8],
			"rotation": {"angle": -22.5, "axis": "x", "origin": [5, 7, 8]},
			"faces": {
				"north": {"uv": [0, 0, 0, 0], "texture": "#all"},
				"east": {"uv": [0, 0, 0, 0], "texture": "#all"},
				"south": {"uv": [0, 0, 0, 0], "texture": "#all"},
				"west": {"uv": [0, 0, 0, 0], "texture": "#all"},
				"up": {"uv": [16, 16, 0, 0], "rotation": 270, "texture": "#all", "tintindex": 0},
				"down": {"uv": [0, 16, 16, 0], "rotation": 270, "texture": "#all", "tintindex": 0}
			}
		},
		{
			"from": [-2, 3.34315, -7.71815],
			"to": [14, 3.34315, 8.28185],
			"rotation": {"angle": 45, "axis": "x", "origin": [0, -9, 0]},
			"faces": {
				"north": {"uv": [0, 0, 0, 0], "texture": "#all"},
				"east": {"uv": [0, 0, 0, 0], "texture": "#all"},
				"south": {"uv": [0, 0, 0, 0], "texture": "#all"},
				"west": {"uv": [0, 0, 0, 0], "texture": "#all"},
				"up": {"uv": [16, 16, 0, 0], "texture": "#all", "tintindex": 0},
				"down": {"uv": [0, 16, 16, 0], "rotation": 180, "texture": "#all", "tintindex": 0}
			}
		},
		{
			"from": [8.65685, 3.34315, 1],
			"to": [24.65685, 3.34315, 17],
			"rotation": {"angle": -22.5, "axis": "z", "origin": [14.65685, 4.34315, 9]},
			"faces": {
				"north": {"uv": [0, 0, 0, 0], "texture": "#all"},
				"east": {"uv": [0, 0, 0, 0], "texture": "#all"},
				"south": {"uv": [0, 0, 0, 0], "texture": "#all"},
				"west": {"uv": [0, 0, 0, 0], "texture": "#all"},
				"up": {"uv": [16, 16, 0, 0], "rotation": 270, "texture": "#all", "tintindex": 0},
				"down": {"uv": [0, 16, 16, 0], "rotation": 270, "texture": "#all", "tintindex": 0}
			}
		}
	],
	"display": {
		"thirdperson_righthand": {
			"rotation": [163, 180, 140],
			"translation": [0, 2, -2],
			"scale": [0.35, 0.35, 0.35]
		},
		"thirdperson_lefthand": {
			"rotation": [78, 63, 0],
			"translation": [0, 2.25, -1],
			"scale": [0.35, 0.35, 0.35]
		},
		"firstperson_righthand": {
			"rotation": [180, 8, 7],
			"translation": [1.5, 0.25, -1],
			"scale": [0.37, 0.35, 0.24844]
		},
		"firstperson_lefthand": {
			"rotation": [1, 0, 6],
			"scale": [0.35, 0.35, 0.23633]
		},
		"ground": {
			"scale": [0.35, 0.35, 0.35]
		},
		"gui": {
			"rotation": [32, 37, -2],
			"scale": [0.59, 0.6, 0.6]
		}
	},
	"groups": [
		{
			"name": "acacia_leaves2",
			"origin": [8, 8, 8],
			"color": 0,
			"children": [0, 1, 2, 3, 4, 5, 6, 7, 8, 9, 10, 11, 12, 13, 14]
		}
	]
}