{
	"credit": "Made with Blockbench",
	"parent": "block/block",
	"ambientocclusion": false,
	"textures": {
		"6": "block/flowering_azalea1",
		"7": "block/flowering_azalea2",
		"particle": "block/flowering_azalea1"
	},
	"elements": [
		{
			"from": [8, -5, -7],
			"to": [8, 21, 23],
			"shade": false,
			"rotation": {"angle": -45, "axis": "y", "origin": [8, 11, 8]},
			"faces": {
				"north": {"uv": [0, 0, 0, 0], "texture": "#7"},
				"east": {"uv": [16, 0, 0, 16], "texture": "#7", "tintindex": 0},
				"south": {"uv": [0, 0, 0, 0], "texture": "#7"},
				"west": {"uv": [0, 0, 16, 16], "texture": "#7", "tintindex": 0},
				"up": {"uv": [0, 0, 0, 0], "texture": "#7"},
				"down": {"uv": [0, 0, 0, 0], "texture": "#7"}
			}
		},
		{
			"from": [-7, -5, 8],
			"to": [23, 21, 8],
			"shade": false,
			"rotation": {"angle": -45, "axis": "y", "origin": [8, 11, 8]},
			"faces": {
				"north": {"uv": [0, 0, 16, 16], "texture": "#6", "tintindex": 0},
				"east": {"uv": [0, 0, 0, 0], "texture": "#6"},
				"south": {"uv": [16, 0, 0, 16], "texture": "#6", "tintindex": 0},
				"west": {"uv": [0, 0, 0, 0], "texture": "#6"},
				"up": {"uv": [0, 0, 0, 0], "texture": "#6"},
				"down": {"uv": [0, 0, 0, 0], "texture": "#6"}
			}
		},
		{
			"from": [-5, 8, -8],
			"to": [21, 8, 24],
			"shade": false,
			"rotation": {"angle": -45, "axis": "x", "origin": [11, 8, 8]},
			"faces": {
				"north": {"uv": [0, 0, 0, 0], "texture": "#7"},
				"east": {"uv": [0, 0, 0, 0], "texture": "#7"},
				"south": {"uv": [0, 0, 0, 0], "texture": "#7"},
				"west": {"uv": [0, 0, 0, 0], "texture": "#7"},
				"up": {"uv": [0, 0, 16, 16], "rotation": 180, "texture": "#7", "tintindex": 0},
				"down": {"uv": [16, 0, 0, 16], "texture": "#7", "tintindex": 0}
			}
		},
		{
			"from": [-5, -8, 8],
			"to": [21, 24, 8],
			"shade": false,
			"rotation": {"angle": -45, "axis": "x", "origin": [11, 8, 8]},
			"faces": {
				"north": {"uv": [0, 0, 16, 16], "texture": "#6", "tintindex": 0},
				"east": {"uv": [0, 0, 0, 0], "texture": "#6"},
				"south": {"uv": [16, 0, 0, 16], "rotation": 180, "texture": "#6", "tintindex": 0},
				"west": {"uv": [0, 0, 0, 0], "texture": "#6"},
				"up": {"uv": [0, 0, 0, 0], "texture": "#6"},
				"down": {"uv": [0, 0, 0, 0], "texture": "#6"}
			}
		},
		{
			"from": [-3, 0, 5],
			"to": [19, 22, 5],
			"rotation": {"angle": -45, "axis": "x", "origin": [8, 8, 1]},
			"faces": {
				"north": {"uv": [0, 0, 16, 16], "texture": "#6"},
				"east": {"uv": [0, 0, 0, 16], "texture": "#6"},
				"south": {"uv": [0, 0, 16, 16], "texture": "#6"},
				"west": {"uv": [0, 0, 0, 16], "texture": "#6"},
				"up": {"uv": [0, 0, 16, 0], "texture": "#6"},
				"down": {"uv": [0, 0, 16, 0], "texture": "#6"}
			}
		},
		{
			"from": [-3, -8, 11],
			"to": [19, 14, 11],
			"rotation": {"angle": -45, "axis": "x", "origin": [8, 8, 1]},
			"faces": {
				"north": {"uv": [0, 0, 16, 16], "texture": "#7"},
				"east": {"uv": [0, 0, 0, 16], "texture": "#7"},
				"south": {"uv": [0, 0, 16, 16], "rotation": 180, "texture": "#7"},
				"west": {"uv": [0, 0, 0, 16], "texture": "#7"},
				"up": {"uv": [0, 0, 16, 0], "texture": "#7"},
				"down": {"uv": [0, 0, 16, 0], "texture": "#7"}
			}
		},
		{
			"from": [0, 2.34315, 1.48528],
			"to": [16, 2.34315, 17.48528],
			"rotation": {"angle": -45, "axis": "z", "origin": [8, 2.34315, 9.48528]},
			"faces": {
				"north": {"uv": [0, 0, 16, 0], "rotation": 180, "texture": "#7"},
				"east": {"uv": [0, 0, 0, 16], "rotation": 90, "texture": "#7"},
				"south": {"uv": [0, 0, 16, 0], "texture": "#7"},
				"west": {"uv": [0, 0, 0, 16], "rotation": 270, "texture": "#7"},
				"up": {"uv": [0, 0, 16, 16], "rotation": 180, "texture": "#7"},
				"down": {"uv": [0, 0, 16, 16], "rotation": 180, "texture": "#7"}
			}
		},
		{
			"from": [3, 12.34315, -2.51472],
			"to": [19, 12.34315, 13.48528],
			"rotation": {"angle": 22.5, "axis": "z", "origin": [11, 12.34315, 5.48528]},
			"faces": {
				"north": {"uv": [0, 0, 16, 0], "rotation": 180, "texture": "#7"},
				"east": {"uv": [0, 0, 0, 16], "rotation": 90, "texture": "#7"},
				"south": {"uv": [0, 0, 16, 0], "texture": "#7"},
				"west": {"uv": [0, 0, 0, 16], "rotation": 270, "texture": "#7"},
				"up": {"uv": [0, 0, 16, 16], "rotation": 90, "texture": "#7"},
				"down": {"uv": [0, 0, 16, 16], "rotation": 90, "texture": "#7"}
			}
		},
		{
			"from": [-2, 11.53553, -5.3934],
			"to": [14, 11.53553, 10.6066],
			"rotation": {"angle": 22.5, "axis": "y", "origin": [8, 11.53553, 11.6066]},
			"faces": {
				"north": {"uv": [0, 0, 0, 16], "rotation": 90, "texture": "#6"},
				"east": {"uv": [0, 0, 16, 0], "rotation": 180, "texture": "#6"},
				"south": {"uv": [0, 0, 0, 16], "rotation": 270, "texture": "#6"},
				"west": {"uv": [0, 0, 16, 0], "texture": "#6"},
				"up": {"uv": [0, 0, 16, 16], "rotation": 270, "texture": "#6"},
				"down": {"uv": [0, 0, 16, 16], "rotation": 90, "texture": "#6"}
			}
		},
		{
			"from": [4.54955, 2.53553, -1.68531],
			"to": [20.54955, 2.53553, 14.31469],
			"rotation": {"angle": 22.5, "axis": "y", "origin": [15.54955, 2.53553, 6.31469]},
			"faces": {
				"north": {"uv": [0, 0, 0, 16], "rotation": 270, "texture": "#6"},
				"east": {"uv": [0, 0, 16, 0], "texture": "#6"},
				"south": {"uv": [0, 0, 0, 16], "rotation": 90, "texture": "#6"},
				"west": {"uv": [0, 0, 16, 0], "rotation": 180, "texture": "#6"},
				"up": {"uv": [0, 0, 16, 16], "rotation": 90, "texture": "#6"},
				"down": {"uv": [0, 0, 16, 16], "rotation": 270, "texture": "#6"}
			}
		}
	],
	"groups": [
		{
			"name": "leaves_extra3",
			"origin": [8, 8, 8],
			"color": 0,
			"children": [0, 1, 2, 3, 4, 5, 6, 7, 8, 9]
		}
	]
}