{
	"credit": "Made with Blockbench",
	"parent": "block/block",
	"ambientocclusion": false,
	"textures": {
		"3": "block/flowering_azalea2",
		"13": "block/flowering_azalea1",
		"particle": "block/flowering_azalea1"
	},
	"elements": [
		{
			"from": [0, -1, 8],
			"to": [16, 15, 8],
			"rotation": {"angle": 45, "axis": "x", "origin": [8, 3, 8]},
			"faces": {
				"north": {"uv": [0, 0, 16, 16], "texture": "#13"},
				"east": {"uv": [0, 0, 0, 16], "texture": "#13"},
				"south": {"uv": [0, 0, 16, 16], "texture": "#13"},
				"west": {"uv": [0, 0, 0, 16], "texture": "#13"},
				"up": {"uv": [0, 0, 16, 0], "rotation": 180, "texture": "#13"},
				"down": {"uv": [0, 0, 16, 0], "rotation": 180, "texture": "#13"}
			}
		},
		{
			"from": [0, -1, 8],
			"to": [16, 15, 8],
			"rotation": {"angle": -45, "axis": "x", "origin": [8, 3, 8]},
			"faces": {
				"north": {"uv": [0, 0, 16, 16], "texture": "#3"},
				"east": {"uv": [0, 0, 0, 16], "texture": "#3"},
				"south": {"uv": [0, 0, 16, 16], "texture": "#3"},
				"west": {"uv": [0, 0, 0, 16], "texture": "#3"},
				"up": {"uv": [0, 0, 16, 0], "rotation": 180, "texture": "#3"},
				"down": {"uv": [0, 0, 16, 0], "rotation": 180, "texture": "#3"}
			}
		},
		{
			"from": [8, -1, 0],
			"to": [8, 15, 16],
			"rotation": {"angle": 45, "axis": "z", "origin": [8, 3, 8]},
			"faces": {
				"north": {"uv": [0, 0, 0, 16], "texture": "#13"},
				"east": {"uv": [0, 0, 16, 16], "texture": "#13"},
				"south": {"uv": [0, 0, 0, 16], "texture": "#13"},
				"west": {"uv": [0, 0, 16, 16], "texture": "#13"},
				"up": {"uv": [0, 0, 16, 0], "rotation": 270, "texture": "#13"},
				"down": {"uv": [0, 0, 16, 0], "rotation": 90, "texture": "#13"}
			}
		},
		{
			"from": [4, 3, 0],
			"to": [20, 3, 16],
			"rotation": {"angle": 45, "axis": "z", "origin": [8, 3, 8]},
			"faces": {
				"north": {"uv": [0, 0, 0, 16], "rotation": 270, "texture": "#3"},
				"east": {"uv": [0, 0, 16, 0], "texture": "#3"},
				"south": {"uv": [0, 0, 0, 16], "rotation": 90, "texture": "#3"},
				"west": {"uv": [0, 0, 16, 0], "rotation": 180, "texture": "#3"},
				"up": {"uv": [0, 0, 16, 16], "rotation": 90, "texture": "#3"},
				"down": {"uv": [0, 0, 16, 16], "rotation": 90, "texture": "#3"}
			}
		},
		{
			"from": [0, 15, 4],
			"to": [16, 15, 20],
			"rotation": {"angle": 22.5, "axis": "x", "origin": [8, 14.875, 8]},
			"faces": {
				"north": {"uv": [0, 0, 16, 0], "texture": "#13"},
				"east": {"uv": [0, 0, 0, 16], "rotation": 270, "texture": "#13"},
				"south": {"uv": [0, 0, 16, 0], "rotation": 180, "texture": "#13"},
				"west": {"uv": [0, 0, 0, 16], "rotation": 90, "texture": "#13"},
				"up": {"uv": [0, 0, 16, 16], "rotation": 180, "texture": "#13"},
				"down": {"uv": [0, 0, 16, 16], "texture": "#13"}
			}
		},
		{
			"from": [4, 14.5, 0],
			"to": [20, 14.5, 16],
			"rotation": {"angle": -22.5, "axis": "z", "origin": [8, 14.875, 8]},
			"faces": {
				"north": {"uv": [0, 0, 0, 16], "rotation": 270, "texture": "#3"},
				"east": {"uv": [0, 0, 16, 0], "texture": "#3"},
				"south": {"uv": [0, 0, 0, 16], "rotation": 90, "texture": "#3"},
				"west": {"uv": [0, 0, 16, 0], "rotation": 180, "texture": "#3"},
				"up": {"uv": [0, 0, 16, 16], "rotation": 90, "texture": "#3"},
				"down": {"uv": [0, 0, 16, 16], "rotation": 90, "texture": "#3"}
			}
		},
		{
			"from": [-4, 15.25, 0],
			"to": [12, 15.25, 16],
			"rotation": {"angle": 22.5, "axis": "z", "origin": [8, 14.875, 8]},
			"faces": {
				"north": {"uv": [0, 0, 0, 16], "rotation": 90, "texture": "#13"},
				"east": {"uv": [0, 0, 16, 0], "texture": "#13"},
				"south": {"uv": [0, 0, 0, 16], "rotation": 270, "texture": "#13"},
				"west": {"uv": [0, 0, 16, 0], "rotation": 180, "texture": "#13"},
				"up": {"uv": [0, 0, 16, 16], "rotation": 270, "texture": "#13"},
				"down": {"uv": [0, 0, 16, 16], "rotation": 270, "texture": "#13"}
			}
		},
		{
			"from": [0, 14.75, -4],
			"to": [16, 14.75, 12],
			"rotation": {"angle": -22.5, "axis": "x", "origin": [8, 14.875, 8]},
			"faces": {
				"north": {"uv": [0, 0, 16, 0], "rotation": 180, "texture": "#3"},
				"east": {"uv": [0, 0, 0, 16], "rotation": 90, "texture": "#3"},
				"south": {"uv": [0, 0, 16, 0], "texture": "#3"},
				"west": {"uv": [0, 0, 0, 16], "rotation": 270, "texture": "#3"},
				"up": {"uv": [0, 0, 16, 16], "texture": "#3"},
				"down": {"uv": [0, 0, 16, 16], "rotation": 180, "texture": "#3"}
			}
		},
		{
			"from": [0, 0, 8],
			"to": [16, 16, 8],
			"faces": {
				"north": {"uv": [0, 0, 16, 16], "rotation": 180, "texture": "#13"},
				"east": {"uv": [0, 0, 0, 16], "texture": "#13"},
				"south": {"uv": [0, 0, 16, 16], "rotation": 180, "texture": "#13"},
				"west": {"uv": [0, 0, 0, 16], "texture": "#13"},
				"up": {"uv": [0, 0, 16, 0], "texture": "#13"},
				"down": {"uv": [0, 0, 16, 0], "texture": "#13"}
			}
		},
		{
			"from": [8, 0, 0],
			"to": [8, 16, 16],
			"rotation": {"angle": 0, "axis": "y", "origin": [8, 8, 8]},
			"faces": {
				"north": {"uv": [0, 0, 0, 16], "rotation": 180, "texture": "#3"},
				"east": {"uv": [0, 0, 16, 16], "texture": "#3"},
				"south": {"uv": [0, 0, 0, 16], "rotation": 180, "texture": "#3"},
				"west": {"uv": [0, 0, 16, 16], "texture": "#3"},
				"up": {"uv": [0, 0, 16, 0], "rotation": 90, "texture": "#3"},
				"down": {"uv": [0, 0, 16, 0], "rotation": 270, "texture": "#3"}
			}
		}
	],
	"groups": [
		{
			"name": "azalea",
			"origin": [8, 8, 8],
			"color": 0,
			"children": [0, 1, 2, 3, 4, 5, 6, 7, 8, 9]
		}
	]
}