{
  "ambientocclusion": false,
  "gui_light": "front",
  "textures": {
    "0": "minecraft:block/grass",
    "1": "minecraft:block/grass1",
    "particle": "minecraft:block/grass"
  },
  "elements": [
    {
      "from": [
        10.01,
        1.1189,
        -4.6563
      ],
      "to": [
        10.01,
        11.15282,
        20.72866
      ],
      "rotation": {
        "origin": [
          12.288,
          2.144,
          7.1625
        ],
        "axis": "y",
        "angle": 0
      },
      "faces": {
        "east": {
          "texture": "#0",
          "uv": [
            0,
            6.35742,
            16,
            16
          ],
          "tintindex": 0
        },
        "west": {
          "texture": "#0",
          "uv": [
            16,
            6.35742,
            0,
            16
          ],
          "tintindex": 0
        }
      }
    },
    {
      "from": [
        4.65,
        1.1189,
        -4.6563
      ],
      "to": [
        4.65,
        11.95682,
        20.72866
      ],
      "rotation": {
        "origin": [
          12.288,
          2.144,
          7.1625
        ],
        "axis": "y",
        "angle": 0
      },
      "faces": {
        "east": {
          "texture": "#0",
          "uv": [
            0,
            6.35742,
            16,
            16
          ],
          "tintindex": 0
        },
        "west": {
          "texture": "#0",
          "uv": [
            16,
            6.35742,
            0,
            16
          ],
          "tintindex": 0
        }
      }
    },
    {
      "from": [
        -0.71,
        1.1189,
        -6.3983
      ],
      "to": [
        -0.71,
        12.22482,
        21.26466
      ],
      "rotation": {
        "origin": [
          12.288,
          2.144,
          7.1625
        ],
        "axis": "y",
        "angle": 0
      },
      "faces": {
        "east": {
          "texture": "#0",
          "uv": [
            0,
            6.35742,
            16,
            16
          ],
          "tintindex": 0
        },
        "west": {
          "texture": "#0",
          "uv": [
            16,
            6.35742,
            0,
            16
          ],
          "tintindex": 0
        }
      }
    },
    {
      "from": [
        3.4105,
        3.0284,
        -6.3983
      ],
      "to": [
        3.4105,
        14.13432,
        21.26466
      ],
      "rotation": {
        "origin": [
          12.288,
          2.144,
          7.1625
        ],
        "axis": "z",
        "angle": 22.5
      },
      "faces": {
        "east": {
          "texture": "#0",
          "uv": [
            0,
            6.35742,
            16,
            16
          ],
          "tintindex": 0
        },
        "west": {
          "texture": "#0",
          "uv": [
            16,
            6.35742,
            0,
            16
          ],
          "tintindex": 0
        }
      }
    },
    {
      "from": [
        19.4905,
        1.4204,
        -6.67166
      ],
      "to": [
        19.4905,
        12.52632,
        20.9913
      ],
      "rotation": {
        "origin": [
          12.288,
          2.144,
          7.1625
        ],
        "axis": "z",
        "angle": -22.5
      },
      "faces": {
        "east": {
          "texture": "#0",
          "uv": [
            0,
            6.35742,
            16,
            16
          ],
          "tintindex": 0
        },
        "west": {
          "texture": "#0",
          "uv": [
            16,
            6.35742,
            0,
            16
          ],
          "tintindex": 0
        }
      }
    },
    {
      "from": [
        9.2395,
        -2.3986,
        -6.67166
      ],
      "to": [
        9.2395,
        8.70732,
        20.9913
      ],
      "rotation": {
        "origin": [
          12.288,
          2.144,
          7.1625
        ],
        "axis": "z",
        "angle": -22.5
      },
      "faces": {
        "east": {
          "texture": "#0",
          "uv": [
            0,
            6.35742,
            16,
            16
          ],
          "tintindex": 0
        },
        "west": {
          "texture": "#0",
          "uv": [
            16,
            6.35742,
            0,
            16
          ],
          "tintindex": 0
        }
      }
    },
    {
      "from": [
        -1.5408,
        0.8174,
        14.1305
      ],
      "to": [
        26.12216,
        11.92332,
        14.1305
      ],
      "rotation": {
        "origin": [
          12.288,
          2.144,
          7.1625
        ],
        "axis": "x",
        "angle": 22.5
      },
      "faces": {
        "north": {
          "texture": "#0",
          "uv": [
            0,
            0,
            16,
            7.55664
          ],
          "tintindex": 0
        },
        "east": {
          "texture": "#0",
          "uv": [
            0,
            6.35742,
            16,
            16
          ],
          "tintindex": 0
        },
        "south": {
          "texture": "#0",
          "uv": [
            16,
            0,
            0,
            7.55664
          ],
          "tintindex": 0
        },
        "west": {
          "texture": "#0",
          "uv": [
            16,
            6.35742,
            0,
            16
          ],
          "tintindex": 0
        }
      }
    },
    {
      "from": [
        -1.5408,
        0.8174,
        14.1305
      ],
      "to": [
        26.12216,
        11.92332,
        14.1305
      ],
      "rotation": {
        "origin": [
          12.288,
          2.144,
          7.1625
        ],
        "axis": "x",
        "angle": 22.5
      },
      "faces": {
        "north": {
          "texture": "#0",
          "uv": [
            0,
            0,
            16,
            7.55664
          ]
        },
        "east": {
          "texture": "#0",
          "uv": [
            0,
            6.35742,
            16,
            16
          ],
          "tintindex": 0
        },
        "south": {
          "texture": "#0",
          "uv": [
            16,
            0,
            0,
            7.55664
          ],
          "tintindex": 0
        },
        "west": {
          "texture": "#0",
          "uv": [
            16,
            6.35742,
            0,
            16
          ],
          "tintindex": 0
        }
      }
    },
    {
      "from": [
        -0.71,
        -1.2311,
        -6.3983
      ],
      "to": [
        -0.71,
        9.87482,
        21.26466
      ],
      "rotation": {
        "origin": [
          12.288,
          2.144,
          7.1625
        ],
        "axis": "y",
        "angle": 45
      },
      "faces": {
        "east": {
          "texture": "#0",
          "uv": [
            0,
            6.35742,
            16,
            16
          ],
          "tintindex": 0
        },
        "west": {
          "texture": "#0",
          "uv": [
            16,
            6.35742,
            0,
            16
          ],
          "tintindex": 0
        }
      }
    },
    {
      "from": [
        13.6615,
        -3.1406,
        -6.3983
      ],
      "to": [
        13.6615,
        7.96532,
        21.26466
      ],
      "rotation": {
        "origin": [
          12.288,
          2.144,
          7.1625
        ],
        "axis": "y",
        "angle": 45
      },
      "faces": {
        "east": {
          "texture": "#0",
          "uv": [
            0,
            6.35742,
            16,
            16
          ],
          "tintindex": 0
        },
        "west": {
          "texture": "#0",
          "uv": [
            16,
            6.35742,
            0,
            16
          ],
          "tintindex": 0
        }
      }
    },
    {
      "from": [
        8.1005,
        -1.6331,
        -6.3983
      ],
      "to": [
        8.1005,
        9.47282,
        21.26466
      ],
      "rotation": {
        "origin": [
          12.288,
          2.144,
          7.1625
        ],
        "axis": "y",
        "angle": 45
      },
      "faces": {
        "east": {
          "texture": "#0",
          "uv": [
            0,
            6.35742,
            16,
            16
          ],
          "tintindex": 0
        },
        "west": {
          "texture": "#0",
          "uv": [
            16,
            6.35742,
            0,
            16
          ],
          "tintindex": 0
        }
      }
    },
    {
      "from": [
        3.4105,
        0.6784,
        -6.3983
      ],
      "to": [
        3.4105,
        11.78432,
        21.26466
      ],
      "rotation": {
        "origin": [
          12.288,
          2.144,
          7.1625
        ],
        "axis": "y",
        "angle": 45
      },
      "faces": {
        "east": {
          "texture": "#0",
          "uv": [
            0,
            6.35742,
            16,
            16
          ],
          "tintindex": 0
        },
        "west": {
          "texture": "#0",
          "uv": [
            16,
            6.35742,
            0,
            16
          ],
          "tintindex": 0
        }
      }
    },
    {
      "from": [
        13.6615,
        -3.1406,
        -6.3983
      ],
      "to": [
        13.6615,
        7.96532,
        21.26466
      ],
      "rotation": {
        "origin": [
          12.288,
          2.144,
          7.1625
        ],
        "axis": "y",
        "angle": 45
      },
      "faces": {
        "east": {
          "texture": "#0",
          "uv": [
            0,
            6.35742,
            16,
            16
          ],
          "tintindex": 0
        },
        "west": {
          "texture": "#0",
          "uv": [
            16,
            6.35742,
            0,
            16
          ],
          "tintindex": 0
        }
      }
    },
    {
      "from": [
        8.1005,
        -1.6331,
        -6.3983
      ],
      "to": [
        8.1005,
        9.47282,
        21.26466
      ],
      "rotation": {
        "origin": [
          12.288,
          2.144,
          7.1625
        ],
        "axis": "y",
        "angle": 45
      },
      "faces": {
        "east": {
          "texture": "#0",
          "uv": [
            0,
            6.35742,
            16,
            16
          ],
          "tintindex": 0
        },
        "west": {
          "texture": "#0",
          "uv": [
            16,
            6.35742,
            0,
            16
          ],
          "tintindex": 0
        }
      }
    },
    {
      "from": [
        3.4105,
        0.6784,
        -6.3983
      ],
      "to": [
        3.4105,
        11.78432,
        21.26466
      ],
      "rotation": {
        "origin": [
          12.288,
          2.144,
          7.1625
        ],
        "axis": "y",
        "angle": 45
      },
      "faces": {
        "east": {
          "texture": "#0",
          "uv": [
            0,
            6.35742,
            16,
            16
          ],
          "tintindex": 0
        },
        "west": {
          "texture": "#0",
          "uv": [
            16,
            6.35742,
            0,
            16
          ],
          "tintindex": 0
        }
      }
    },
    {
      "from": [
        -5.83416,
        0.0084,
        -3.323
      ],
      "to": [
        21.8288,
        11.11432,
        -3.323
      ],
      "rotation": {
        "origin": [
          12.288,
          2.144,
          7.1625
        ],
        "axis": "y",
        "angle": 45
      },
      "faces": {
        "north": {
          "texture": "#0",
          "uv": [
            0,
            0,
            16,
            7.55664
          ],
          "tintindex": 0
        },
        "east": {
          "texture": "#0",
          "uv": [
            0,
            6.35742,
            16,
            16
          ],
          "tintindex": 0
        },
        "south": {
          "texture": "#0",
          "uv": [
            16,
            0,
            0,
            7.55664
          ],
          "tintindex": 0
        },
        "west": {
          "texture": "#0",
          "uv": [
            16,
            6.35742,
            0,
            16
          ],
          "tintindex": 0
        }
      }
    },
    {
      "from": [
        -5.86766,
        -3.8106,
        6.928
      ],
      "to": [
        21.7953,
        7.29532,
        6.928
      ],
      "rotation": {
        "origin": [
          14.633,
          2.144,
          7.1625
        ],
        "axis": "y",
        "angle": 45
      },
      "faces": {
        "north": {
          "texture": "#0",
          "uv": [
            16,
            0,
            0,
            7.55664
          ],
          "tintindex": 0
        },
        "east": {
          "texture": "#0",
          "uv": [
            0,
            6.35742,
            16,
            16
          ],
          "tintindex": 0
        },
        "south": {
          "texture": "#0",
          "uv": [
            0,
            0,
            16,
            7.55664
          ],
          "tintindex": 0
        },
        "west": {
          "texture": "#0",
          "uv": [
            16,
            6.35742,
            0,
            16
          ],
          "tintindex": 0
        }
      }
    },
    {
      "from": [
        -4.96316,
        0.0084,
        -3.323
      ],
      "to": [
        22.6998,
        11.11432,
        -3.323
      ],
      "rotation": {
        "origin": [
          12.288,
          2.144,
          7.1625
        ],
        "axis": "y",
        "angle": 45
      },
      "faces": {
        "north": {
          "texture": "#0",
          "uv": [
            16,
            0,
            0,
            7.55664
          ],
          "tintindex": 0
        },
        "east": {
          "texture": "#0",
          "uv": [
            0,
            6.35742,
            16,
            16
          ],
          "tintindex": 0
        },
        "south": {
          "texture": "#0",
          "uv": [
            0,
            0,
            16,
            7.55664
          ],
          "tintindex": 0
        },
        "west": {
          "texture": "#0",
          "uv": [
            16,
            6.35742,
            0,
            16
          ],
          "tintindex": 0
        }
      }
    },
    {
      "from": [
        -4.96316,
        -3.8106,
        6.928
      ],
      "to": [
        22.6998,
        7.29532,
        6.928
      ],
      "rotation": {
        "origin": [
          12.288,
          2.144,
          7.1625
        ],
        "axis": "y",
        "angle": 45
      },
      "faces": {
        "north": {
          "texture": "#0",
          "uv": [
            16,
            0,
            0,
            7.55664
          ],
          "tintindex": 0
        },
        "east": {
          "texture": "#0",
          "uv": [
            0,
            6.35742,
            16,
            16
          ],
          "tintindex": 0
        },
        "south": {
          "texture": "#0",
          "uv": [
            0,
            0,
            16,
            7.55664
          ],
          "tintindex": 0
        },
        "west": {
          "texture": "#0",
          "uv": [
            16,
            6.35742,
            0,
            16
          ],
          "tintindex": 0
        }
      }
    },
    {
      "from": [
        19.4905,
        -0.9296,
        -6.67166
      ],
      "to": [
        19.4905,
        10.17632,
        20.9913
      ],
      "rotation": {
        "origin": [
          12.288,
          2.144,
          7.1625
        ],
        "axis": "y",
        "angle": 45
      },
      "faces": {
        "east": {
          "texture": "#0",
          "uv": [
            0,
            6.35742,
            16,
            16
          ],
          "tintindex": 0
        },
        "west": {
          "texture": "#0",
          "uv": [
            16,
            6.35742,
            0,
            16
          ],
          "tintindex": 0
        }
      }
    },
    {
      "from": [
        9.2395,
        -4.7486,
        -6.67166
      ],
      "to": [
        9.2395,
        6.35732,
        20.9913
      ],
      "rotation": {
        "origin": [
          12.288,
          2.144,
          7.1625
        ],
        "axis": "y",
        "angle": 45
      },
      "faces": {
        "east": {
          "texture": "#0",
          "uv": [
            0,
            6.35742,
            16,
            16
          ],
          "tintindex": 0
        },
        "west": {
          "texture": "#0",
          "uv": [
            16,
            6.35742,
            0,
            16
          ],
          "tintindex": 0
        }
      }
    },
    {
      "from": [
        14.8005,
        -3.2411,
        -6.67166
      ],
      "to": [
        14.8005,
        7.86482,
        20.9913
      ],
      "rotation": {
        "origin": [
          12.288,
          2.144,
          7.1625
        ],
        "axis": "y",
        "angle": 45
      },
      "faces": {
        "east": {
          "texture": "#0",
          "uv": [
            0,
            6.35742,
            16,
            16
          ],
          "tintindex": 0
        },
        "west": {
          "texture": "#0",
          "uv": [
            16,
            6.35742,
            0,
            16
          ],
          "tintindex": 0
        }
      }
    },
    {
      "from": [
        19.4905,
        -0.9296,
        -6.67166
      ],
      "to": [
        19.4905,
        10.17632,
        20.9913
      ],
      "rotation": {
        "origin": [
          12.288,
          2.144,
          7.1625
        ],
        "axis": "y",
        "angle": 45
      },
      "faces": {
        "east": {
          "texture": "#0",
          "uv": [
            0,
            6.35742,
            16,
            16
          ],
          "tintindex": 0
        },
        "west": {
          "texture": "#0",
          "uv": [
            16,
            6.35742,
            0,
            16
          ],
          "tintindex": 0
        }
      }
    },
    {
      "from": [
        9.2395,
        -4.7486,
        -6.67166
      ],
      "to": [
        9.2395,
        6.35732,
        20.9913
      ],
      "rotation": {
        "origin": [
          12.288,
          2.144,
          7.1625
        ],
        "axis": "y",
        "angle": 45
      },
      "faces": {
        "east": {
          "texture": "#0",
          "uv": [
            0,
            6.35742,
            16,
            16
          ],
          "tintindex": 0
        },
        "west": {
          "texture": "#0",
          "uv": [
            16,
            6.35742,
            0,
            16
          ],
          "tintindex": 0
        }
      }
    },
    {
      "from": [
        14.8005,
        -3.2411,
        -6.67166
      ],
      "to": [
        14.8005,
        7.86482,
        20.9913
      ],
      "rotation": {
        "origin": [
          12.288,
          2.144,
          7.1625
        ],
        "axis": "y",
        "angle": 45
      },
      "faces": {
        "east": {
          "texture": "#0",
          "uv": [
            0,
            6.35742,
            16,
            16
          ],
          "tintindex": 0
        },
        "west": {
          "texture": "#0",
          "uv": [
            16,
            6.35742,
            0,
            16
          ],
          "tintindex": 0
        }
      }
    },
    {
      "from": [
        -1.5408,
        -3.0401,
        8.5695
      ],
      "to": [
        26.12216,
        8.06582,
        8.5695
      ],
      "rotation": {
        "origin": [
          12.288,
          2.144,
          7.1625
        ],
        "axis": "y",
        "angle": 45
      },
      "faces": {
        "north": {
          "texture": "#0",
          "uv": [
            0,
            0,
            16,
            7.55664
          ],
          "tintindex": 0
        },
        "east": {
          "texture": "#0",
          "uv": [
            0,
            6.35742,
            16,
            16
          ],
          "tintindex": 0
        },
        "south": {
          "texture": "#0",
          "uv": [
            16,
            0,
            0,
            7.55664
          ],
          "tintindex": 0
        },
        "west": {
          "texture": "#0",
          "uv": [
            16,
            6.35742,
            0,
            16
          ],
          "tintindex": 0
        }
      }
    },
    {
      "from": [
        -1.5408,
        -3.0401,
        8.5695
      ],
      "to": [
        26.12216,
        8.06582,
        8.5695
      ],
      "rotation": {
        "origin": [
          12.288,
          2.144,
          7.1625
        ],
        "axis": "y",
        "angle": 45
      },
      "faces": {
        "north": {
          "texture": "#0",
          "uv": [
            0,
            0,
            16,
            7.55664
          ],
          "tintindex": 0
        },
        "east": {
          "texture": "#0",
          "uv": [
            0,
            6.35742,
            16,
            16
          ],
          "tintindex": 0
        },
        "south": {
          "texture": "#0",
          "uv": [
            16,
            0,
            0,
            7.55664
          ],
          "tintindex": 0
        },
        "west": {
          "texture": "#0",
          "uv": [
            16,
            6.35742,
            0,
            16
          ],
          "tintindex": 0
        }
      }
    },
    {
      "from": [
        -3.6,
        1.25,
        4.25
      ],
      "to": [
        13.25,
        1.25,
        20.55
      ],
      "rotation": {
        "origin": [
          0,
          1.25,
          0
        ],
        "axis": "y",
        "angle": 0
      },
      "faces": {
        "east": {
          "texture": "#0",
          "uv": [
            0,
            6.35742,
            16,
            16
          ],
          "tintindex": 0
        },
        "west": {
          "texture": "#0",
          "uv": [
            16,
            6.35742,
            0,
            16
          ],
          "tintindex": 0
        },
        "up": {
          "texture": "#1",
          "uv": [
            0,
            0,
            16,
            16
          ],
          "rotation": 270,
          "tintindex": 0
        }
      }
    },
    {
      "from": [
        -1.7,
        1.575,
        -8.4
      ],
      "to": [
        14.6,
        1.575,
        8.45
      ],
      "rotation": {
        "origin": [
          0,
          1.25,
          0
        ],
        "axis": "y",
        "angle": -22.5
      },
      "faces": {
        "east": {
          "texture": "#0",
          "uv": [
            0,
            6.35742,
            16,
            16
          ],
          "tintindex": 0
        },
        "west": {
          "texture": "#0",
          "uv": [
            16,
            6.35742,
            0,
            16
          ],
          "tintindex": 0
        },
        "up": {
          "texture": "#1",
          "uv": [
            0,
            0,
            16,
            16
          ],
          "tintindex": 0
        }
      }
    }
  ],
  "display": {
    "head": {
      "rotation": [
        0,
        0,
        0
      ],
      "translation": [
        0,
        -8.5,
        0
      ],
      "scale": [
        4,
        4,
        4
      ]
    }
  }
}
