{
	"credit": "Made with Blockbench",
	"parent": "minecraft:block/tinted_cross",
	"textures": {
		"particle": "block/large_fern_top",
		"cross": "block/large_fern_top"
	},
	"elements": [
		{
			"from": [0, 0, 9],
			"to": [16, 16, 9],
			"rotation": {"angle": 0, "axis": "y", "origin": [8, 8, 9]},
			"faces": {
				"north": {"uv": [0, 0, 16, 16], "texture": "#cross"},
				"east": {"uv": [0, 0, 0, 16], "texture": "#cross"},
				"south": {"uv": [0, 0, 16, 16], "texture": "#cross"},
				"west": {"uv": [0, 0, 0, 16], "texture": "#cross"},
				"up": {"uv": [0, 0, 16, 0], "texture": "#cross"},
				"down": {"uv": [0, 0, 16, 0], "texture": "#cross"}
			}
		},
		{
			"from": [8, 0, 1],
			"to": [8, 16, 17],
			"rotation": {"angle": 0, "axis": "y", "origin": [8, 8, 9]},
			"faces": {
				"north": {"uv": [0, 0, 0, 16], "texture": "#cross"},
				"east": {"uv": [0, 0, 16, 16], "texture": "#cross"},
				"south": {"uv": [0, 0, 0, 16], "texture": "#cross"},
				"west": {"uv": [0, 0, 16, 16], "texture": "#cross"},
				"up": {"uv": [0, 0, 16, 0], "rotation": 90, "texture": "#cross"},
				"down": {"uv": [0, 0, 16, 0], "rotation": 270, "texture": "#cross"}
			}
		}
	]
}