{
	"credit": "Made with Blockbench",
	"parent": "minecraft:block/tinted_cross",
	"textures": {
		"1": "block/large_fern_top",
		"2": "block/fern",
		"particle": "block/large_fern_bottom",
		"cross": "block/large_fern_bottom"
	},
	"elements": [
		{
			"from": [8, 0, 0],
			"to": [8, 16, 16],
			"rotation": {"angle": 0, "axis": "y", "origin": [8, 8, 8]},
			"faces": {
				"north": {"uv": [0, 0, 0, 16], "texture": "#cross"},
				"east": {"uv": [0, 0, 16, 16], "texture": "#cross"},
				"south": {"uv": [0, 0, 0, 16], "texture": "#cross"},
				"west": {"uv": [0, 0, 16, 16], "texture": "#cross"},
				"up": {"uv": [0, 0, 16, 0], "rotation": 270, "texture": "#cross"},
				"down": {"uv": [0, 0, 16, 0], "rotation": 90, "texture": "#cross"}
			}
		},
		{
			"from": [0, 0, 8],
			"to": [16, 16, 8],
			"rotation": {"angle": 0, "axis": "y", "origin": [8, 8, 8]},
			"faces": {
				"north": {"uv": [0, 0, 16, 16], "texture": "#cross"},
				"east": {"uv": [0, 0, 0, 16], "texture": "#cross"},
				"south": {"uv": [0, 0, 16, 16], "texture": "#cross"},
				"west": {"uv": [0, 0, 0, 16], "texture": "#cross"},
				"up": {"uv": [0, 0, 16, 0], "texture": "#cross"},
				"down": {"uv": [0, 0, 16, 0], "texture": "#cross"}
			}
		},
		{
			"from": [0, 1, 7],
			"to": [16, 17, 7],
			"rotation": {"angle": -22.5, "axis": "x", "origin": [8, 0, 8]},
			"faces": {
				"north": {"uv": [0, 0, 16, 16], "texture": "#2"},
				"east": {"uv": [0, 0, 0, 16], "texture": "#2"},
				"south": {"uv": [0, 0, 16, 16], "texture": "#2"},
				"west": {"uv": [0, 0, 0, 16], "texture": "#2"},
				"up": {"uv": [0, 0, 16, 0], "texture": "#2"},
				"down": {"uv": [0, 0, 16, 0], "texture": "#2"}
			}
		},
		{
			"from": [0, 1, 9],
			"to": [16, 17, 9],
			"rotation": {"angle": 22.5, "axis": "x", "origin": [8, 0, 8]},
			"faces": {
				"north": {"uv": [0, 0, 16, 16], "texture": "#2"},
				"east": {"uv": [0, 0, 0, 16], "texture": "#2"},
				"south": {"uv": [0, 0, 16, 16], "texture": "#2"},
				"west": {"uv": [0, 0, 0, 16], "texture": "#2"},
				"up": {"uv": [0, 0, 16, 0], "texture": "#2"},
				"down": {"uv": [0, 0, 16, 0], "texture": "#2"}
			}
		},
		{
			"from": [7, 1, 0],
			"to": [7, 17, 16],
			"rotation": {"angle": 22.5, "axis": "z", "origin": [8, 0, 8]},
			"faces": {
				"north": {"uv": [0, 0, 0, 16], "texture": "#1"},
				"east": {"uv": [0, 0, 16, 16], "texture": "#1"},
				"south": {"uv": [0, 0, 0, 16], "texture": "#1"},
				"west": {"uv": [0, 0, 16, 16], "texture": "#1"},
				"up": {"uv": [0, 0, 16, 0], "rotation": 90, "texture": "#1"},
				"down": {"uv": [0, 0, 16, 0], "rotation": 270, "texture": "#1"}
			}
		},
		{
			"from": [9, 1, 0],
			"to": [9, 17, 16],
			"rotation": {"angle": -22.5, "axis": "z", "origin": [8, 0, 8]},
			"faces": {
				"north": {"uv": [0, 0, 0, 16], "texture": "#1"},
				"east": {"uv": [0, 0, 16, 16], "texture": "#1"},
				"south": {"uv": [0, 0, 0, 16], "texture": "#1"},
				"west": {"uv": [0, 0, 16, 16], "texture": "#1"},
				"up": {"uv": [0, 0, 16, 0], "rotation": 90, "texture": "#1"},
				"down": {"uv": [0, 0, 16, 0], "rotation": 270, "texture": "#1"}
			}
		}
	]
}