{
	"credit": "Made with Blockbench",
	"parent": "block/block",
	"textures": {
		"particle": "block/big_dripleaf_stem"
	},
	"elements": [
		{
			"from": [3.5, 0, 8],
			"to": [12.5, 15, 8],
			"shade": false,
			"rotation": {"angle": -45, "axis": "y", "origin": [8, 8, 8]},
			"faces": {
				"north": {"uv": [4, 8, 12, 16], "texture": "#particle"},
				"east": {"uv": [0, 0, 0, 0], "texture": "#particle"},
				"south": {"uv": [4, 8, 12, 16], "texture": "#particle"},
				"west": {"uv": [0, 0, 0, 0], "texture": "#particle"},
				"up": {"uv": [0, 0, 0, 0], "texture": "#particle"},
				"down": {"uv": [0, 0, 0, 0], "texture": "#particle"}
			}
		},
		{
			"from": [3.5, 0, 8],
			"to": [12.5, 15, 8],
			"shade": false,
			"rotation": {"angle": 45, "axis": "y", "origin": [8, 8, 8]},
			"faces": {
				"north": {"uv": [4, 8, 12, 16], "texture": "#particle"},
				"east": {"uv": [0, 0, 0, 0], "texture": "#particle"},
				"south": {"uv": [4, 8, 12, 16], "texture": "#particle"},
				"west": {"uv": [0, 0, 0, 0], "texture": "#particle"},
				"up": {"uv": [0, 0, 0, 0], "texture": "#particle"},
				"down": {"uv": [0, 0, 0, 0], "texture": "#particle"}
			}
		},
		{
			"from": [4, -8, 8],
			"to": [13, 12, 8],
			"shade": false,
			"rotation": {"angle": -45, "axis": "y", "origin": [8.5, 0, 8]},
			"faces": {
				"north": {"uv": [4, 0, 12, 16], "texture": "#particle"},
				"east": {"uv": [0, 0, 0, 0], "texture": "#particle"},
				"south": {"uv": [4, 0, 12, 16], "texture": "#particle"},
				"west": {"uv": [0, 0, 0, 0], "texture": "#particle"},
				"up": {"uv": [0, 0, 0, 0], "texture": "#particle"},
				"down": {"uv": [0, 0, 0, 0], "texture": "#particle"}
			}
		},
		{
			"from": [4, -8, 8],
			"to": [13, 12, 8],
			"shade": false,
			"rotation": {"angle": 45, "axis": "y", "origin": [8.5, 0, 8]},
			"faces": {
				"north": {"uv": [4, 0, 12, 16], "texture": "#particle"},
				"east": {"uv": [0, 0, 0, 0], "texture": "#particle"},
				"south": {"uv": [4, 0, 12, 16], "texture": "#particle"},
				"west": {"uv": [0, 0, 0, 0], "texture": "#particle"},
				"up": {"uv": [0, 0, 0, 0], "texture": "#particle"},
				"down": {"uv": [0, 0, 0, 0], "texture": "#particle"}
			}
		}
	]
}