{
	"credit": "Made with Blockbench",
	"parent": "block/block",
	"textures": {
		"particle": "block/small_dripleaf_top_1",
		"top": "block/small_dripleaf_top_1",
		"side": "block/small_dripleaf_top_2",
		"stem": "block/big_dripleaf_stem"
	},
	"elements": [
		{
			"from": [9, 2.99, 7.75],
			"to": [14, 2.99, 12.75],
			"shade": false,
			"rotation": {"angle": 0, "axis": "y", "origin": [11.5, 2.99, 11.5]},
			"faces": {
				"north": {"uv": [0, 0, 0, 0], "texture": "#side"},
				"east": {"uv": [0, 0, 0, 0], "texture": "#side"},
				"south": {"uv": [0, 0, 0, 0], "texture": "#side"},
				"west": {"uv": [0, 0, 0, 0], "texture": "#side"},
				"up": {"uv": [0, 0, 16, 16], "rotation": 90, "texture": "#side"},
				"down": {"uv": [0, 16, 16, 0], "rotation": 270, "texture": "#side"}
			}
		},
		{
			"from": [5.29289, 9.99, 2.79289],
			"to": [10.29289, 9.99, 7.79289],
			"shade": false,
			"rotation": {"angle": 0, "axis": "y", "origin": [10.79289, 9.99, 10.79289]},
			"faces": {
				"north": {"uv": [0, 0, 0, 0], "texture": "#side"},
				"east": {"uv": [0, 0, 0, 0], "texture": "#side"},
				"south": {"uv": [0, 0, 0, 0], "texture": "#side"},
				"west": {"uv": [0, 0, 0, 0], "texture": "#side"},
				"up": {"uv": [0, 16, 16, 0], "rotation": 180, "texture": "#side"},
				"down": {"uv": [0, 0, 16, 16], "rotation": 180, "texture": "#side"}
			}
		},
		{
			"from": [1, 8, 3],
			"to": [8, 8, 10],
			"shade": false,
			"rotation": {"angle": 0, "axis": "z", "origin": [4.5, 8, 4.5]},
			"faces": {
				"up": {"uv": [0, 0, 16, 16], "rotation": 270, "texture": "#top"},
				"down": {"uv": [0, 16, 16, 0], "rotation": 90, "texture": "#top"}
			}
		},
		{
			"from": [3.5, 12, 8],
			"to": [10.5, 12, 15],
			"shade": false,
			"rotation": {"angle": 0, "axis": "x", "origin": [5.5, 12, 11.5]},
			"faces": {
				"up": {"uv": [0, 16, 16, 0], "texture": "#top"},
				"down": {"uv": [0, 0, 16, 16], "texture": "#top"}
			}
		},
		{
			"from": [3.5, -2, 8],
			"to": [12.5, 14, 8],
			"shade": false,
			"rotation": {"angle": 45, "axis": "y", "origin": [8, 8, 8]},
			"faces": {
				"north": {"uv": [4, 0, 12, 10], "texture": "#stem"},
				"south": {"uv": [4, 0, 12, 8], "texture": "#stem"}
			}
		},
		{
			"from": [3.5, -2, 8],
			"to": [12.5, 14, 8],
			"shade": false,
			"rotation": {"angle": -45, "axis": "y", "origin": [8, 8, 8]},
			"faces": {
				"north": {"uv": [4, 0, 12, 10], "texture": "#stem"},
				"south": {"uv": [4, 0, 12, 8], "texture": "#stem"}
			}
		}
	]
}